Name,Year,Genre,Publisher,North America,Europe,Japan,Other,Global
Kinect Adventures!,2010,Misc,Microsoft Game Studios,14.97,4.94,0.24,1.67,21.82
Grand Theft Auto V,2013,Action,Take-Two Interactive,9.63,5.31,0.06,1.38,16.38
Call of Duty: Modern Warfare 3,2011,Shooter,Activision,9.03,4.28,0.13,1.32,14.76
Call of Duty: Black Ops,2010,Shooter,Activision,9.67,3.73,0.11,1.13,14.64
Call of Duty: Black Ops II,2012,Shooter,Activision,8.25,4.3,0.07,1.12,13.73
Call of Duty: Modern Warfare 2,2009,Shooter,Activision,8.52,3.63,0.08,1.29,13.51
Halo 3,2007,Shooter,Microsoft Game Studios,7.97,2.83,0.13,1.21,12.14
Grand Theft Auto IV,2008,Action,Take-Two Interactive,6.76,3.1,0.14,1.03,11.02
Call of Duty: Ghosts,2013,Shooter,Activision,6.72,2.63,0.04,0.82,10.21
Halo: Reach,2010,Shooter,Microsoft Game Studios,7.03,1.98,0.08,0.78,9.88
Halo 4,2012,Shooter,Microsoft Game Studios,6.63,2.36,0.04,0.73,9.76
Call of Duty 4: Modern Warfare,2007,Shooter,Activision,5.91,2.38,0.13,0.9,9.32
Minecraft,2013,Misc,Microsoft Game Studios,5.58,2.83,0.02,0.77,9.2
The Elder Scrolls V: Skyrim,2011,Role-Playing,Bethesda Softworks,5.03,2.86,0.1,0.85,8.84
Call of Duty: World at War,2008,Shooter,Activision,4.79,1.9,0,0.69,7.37
Battlefield 3,2011,Shooter,Electronic Arts,4.46,2.13,0.06,0.69,7.34
Gears of War 2,2008,Shooter,Microsoft Game Studios,4.15,1.92,0.06,0.64,6.76
Halo 3: ODST,2009,Shooter,Microsoft Game Studios,4.34,1.35,0.06,0.61,6.36
Red Dead Redemption,2010,Action,Take-Two Interactive,3.7,1.97,0.09,0.57,6.34
Kinect Sports,2010,Sports,Microsoft Game Studios,3.92,1.78,0.03,0.51,6.24
Gears of War 3,2011,Shooter,Microsoft Game Studios,4.05,1.62,0.07,0.49,6.24
Gears of War,2006,Shooter,Microsoft Game Studios,3.54,1.9,0.07,0.6,6.11
Assassin's Creed,2007,Adventure,Ubisoft,3.28,1.65,0.07,0.55,5.55
Forza Motorsport 3,2009,Racing,Microsoft Game Studios,2.99,1.92,0.1,0.51,5.51
Assassin's Creed III,2012,Action,Ubisoft,3.13,1.71,0.03,0.44,5.3
Assassin's Creed II,2009,Action,Ubisoft,3.1,1.56,0.08,0.51,5.27
FIFA Soccer 13,2012,Action,Electronic Arts,1.08,3.48,0.03,0.58,5.18
Fable III,2010,Role-Playing,Microsoft Game Studios,3.59,1.11,0.05,0.38,5.13
Fallout 3,2008,Role-Playing,Bethesda Softworks,3.39,1.03,0.09,0.44,4.96
Batman: Arkham City,2011,Action,Warner Bros. Interactive Entertainment,2.99,1.31,0.04,0.41,4.76
Forza Motorsport 4,2011,Racing,Microsoft Game Studios,2.08,2.04,0.06,0.47,4.64
Guitar Hero III: Legends of Rock,2007,Misc,Activision,3.19,0.92,0.01,0.42,4.53
The Elder Scrolls IV: Oblivion,2006,Role-Playing,Take-Two Interactive,2.82,1.05,0.13,0.4,4.39
FIFA 14,2013,Sports,Electronic Arts,0.92,2.93,0.01,0.46,4.31
Call of Duty: Advanced Warfare,2014,Shooter,Activision,2.75,1.18,0,0.37,4.31
Fable II,2008,Role-Playing,Microsoft Game Studios,2.51,1.27,0.11,0.41,4.31
Assassin's Creed: Revelations,2011,Action,Ubisoft,2.25,1.47,0.04,0.43,4.19
FIFA 12,2011,Sports,Electronic Arts,0.84,2.79,0.02,0.53,4.19
Fallout: New Vegas,2010,Role-Playing,Bethesda Softworks,2.65,1.06,0.04,0.33,4.08
Forza Motorsport 2,2007,Racing,Microsoft Game Studios,2.35,1.28,0.03,0.41,4.06
Left 4 Dead 2,2009,Shooter,Electronic Arts,2.67,0.89,0.05,0.37,3.99
LEGO Indiana Jones: The Original Adventures,2008,Action,Activision,2.4,1.03,0,0.36,3.78
Battlefield 4,2013,Shooter,Electronic Arts,2.14,1.08,0.02,0.29,3.53
FIFA Soccer 11,2010,Sports,Electronic Arts,0.71,2.4,0.02,0.4,3.53
Left 4 Dead,2008,Shooter,Electronic Arts,2.66,0.5,0.05,0.3,3.52
Resident Evil 5,2009,Action,Capcom,2.11,0.94,0.12,0.34,3.51
Assassin's Creed: Brotherhood,2010,Action,Ubisoft,2.84,0.39,0.03,0.24,3.5
Batman: Arkham Asylum,2009,Action,Eidos Interactive,2.2,0.97,0.02,0.31,3.5
Battlefield: Bad Company 2,2010,Shooter,Electronic Arts,2.09,1.02,0.04,0.32,3.48
Borderlands,2009,Shooter,Take-Two Interactive,2.39,0.73,0.03,0.29,3.44
LEGO Batman: The Videogame,2008,Action,Warner Bros. Interactive Entertainment,2.03,1.03,0,0.32,3.38
Assassin's Creed IV: Black Flag,2013,Action,Ubisoft,1.9,1.14,0.01,0.29,3.34
Dance Central,2010,Misc,MTV Games,2.15,0.77,0.01,0.26,3.19
Mass Effect 2,2010,Role-Playing,Electronic Arts,1.99,0.82,0.03,0.27,3.11
FIFA 15,2014,Sports,Electronic Arts,0.78,2.02,0,0.3,3.11
Borderlands 2,2012,Shooter,Take-Two Interactive,1.89,0.91,0.04,0.24,3.07
Mass Effect 3,2012,Role-Playing,Electronic Arts,1.94,0.86,0.03,0.24,3.07
Kung Fu Panda,2008,Action,Activision,1.91,0.84,0,0.29,3.05
Far Cry 3,2012,Shooter,Ubisoft,1.38,1.35,0.02,0.28,3.04
Saints Row 2,2008,Action,THQ,1.94,0.8,0.02,0.27,3.03
NBA 2K13,2012,Sports,Take-Two Interactive,2.6,0.21,0.01,0.19,3
Street Fighter IV,2009,Fighting,Capcom,1.82,0.71,0.15,0.26,2.95
Mass Effect,2007,Role-Playing,Microsoft Game Studios,1.83,0.8,0.03,0.27,2.93
Sega Superstars Tennis,2008,Sports,Sega,1.75,0.86,0,0.28,2.9
Madden NFL 13,2012,Sports,Electronic Arts,2.53,0.16,0,0.17,2.86
BioShock,2007,Shooter,Take-Two Interactive,1.65,0.86,0.05,0.28,2.83
Madden NFL 10,2009,Sports,Electronic Arts,2.52,0.09,0,0.22,2.83
Star Wars: The Force Unleashed,2008,Action,LucasArts,1.74,0.8,0,0.26,2.8
Saints Row: The Third,2011,Action,THQ,1.25,1.15,0.07,0.3,2.77
L.A. Noire,2011,Adventure,Take-Two Interactive,1.52,0.94,0.02,0.24,2.72
Call of Duty 3,2006,Shooter,Activision,1.49,0.93,0.02,0.27,2.71
Madden NFL 12,2011,Sports,Electronic Arts,2.42,0.11,0,0.16,2.69
Madden NFL 11,2010,Sports,Electronic Arts,2.38,0.12,0,0.18,2.69
Skate 3,2010,Sports,Electronic Arts,1.46,0.98,0,0.24,2.68
Guitar Hero: World Tour,2008,Misc,Activision,1.78,0.64,0,0.25,2.67
LEGO Star Wars: The Complete Saga,2007,Action,LucasArts,1.53,0.87,0,0.24,2.64
Halo Wars,2009,Strategy,Microsoft Game Studios,1.53,0.82,0.04,0.24,2.63
Medal of Honor,2010,Shooter,Electronic Arts,1.55,0.81,0.04,0.21,2.62
FIFA Soccer 10,2009,Sports,Electronic Arts,0.59,1.79,0.01,0.23,2.62
NBA 2K12,2011,Sports,Take-Two Interactive,2.31,0.14,0.01,0.16,2.62
Ghostbusters: The Video Game (DS Version),2009,Action,Take-Two Interactive,1.04,1.24,0.03,0.27,2.58
Dragon Age: Origins,2009,Role-Playing,Electronic Arts,1.76,0.56,0.03,0.22,2.57
Madden NFL 09,2008,Sports,Electronic Arts,2.21,0.12,0,0.2,2.54
Marvel: Ultimate Alliance,2006,Role-Playing,Activision,2.29,0.02,0,0.19,2.5
Pure,2008,Racing,Disney Interactive Studios,1.38,0.85,0,0.25,2.48
Rock Band,N/A,Misc,Electronic Arts,1.93,0.34,0,0.21,2.48
NBA 2K14,2013,Sports,Take-Two Interactive,2.1,0.2,0,0.17,2.47
Halo: Combat Evolved Anniversary,2011,Shooter,Microsoft Game Studios,1.44,0.73,0.04,0.22,2.44
Tom Clancy's Rainbow Six: Vegas 2,2008,Shooter,Ubisoft,1.56,0.61,0.02,0.23,2.42
Zumba Fitness,2010,Sports,505 Games,1.74,0.48,0,0.18,2.39
Dead Island,2011,Action,Deep Silver,1.48,0.71,0,0.2,2.39
Kinect: Disneyland Adventures,2011,Misc,Microsoft Game Studios,1.73,0.46,0.02,0.18,2.38
Madden NFL 08,2007,Sports,Electronic Arts,2.18,0.01,0,0.18,2.37
Kinect Sports: Season Two,2011,Sports,Microsoft Game Studios,1.38,0.74,0.02,0.22,2.36
Midnight Club: Los Angeles,2008,Racing,Take-Two Interactive,1.68,0.46,0.01,0.2,2.35
The Sims 3,2010,Simulation,Electronic Arts,1.27,0.86,0,0.2,2.33
LEGO Marvel Super Heroes,2013,Action,Warner Bros. Interactive Entertainment,1.24,0.85,0,0.21,2.3
Need for Speed: Hot Pursuit,2010,Racing,Electronic Arts,1.03,0.98,0,0.21,2.22
BioShock 2,2010,Shooter,Take-Two Interactive,1.45,0.55,0.02,0.19,2.21
Rock Band 2,2008,Misc,Electronic Arts,1.78,0.24,0,0.18,2.2
Guitar Hero II,2007,Misc,Activision,2.01,0.02,0,0.17,2.2
Saints Row,2006,Action,THQ,1.17,0.78,0.02,0.22,2.19
Madden NFL 25,2013,Sports,Electronic Arts,1.97,0.07,0,0.13,2.18
Final Fantasy XIII,2010,Role-Playing,Square Enix,1.27,0.68,0.01,0.2,2.17
Mortal Kombat,2011,Fighting,Warner Bros. Interactive Entertainment,1.63,0.33,0,0.15,2.11
Portal 2,2011,Shooter,Valve Software,1.41,0.51,0.01,0.17,2.1
Dead Rising,2006,Action,Capcom,1.16,0.65,0.08,0.2,2.09
NBA 2K11,2010,Action,Take-Two Interactive,1.84,0.12,0.01,0.13,2.09
UFC 2009 Undisputed,2009,Fighting,THQ,1.48,0.39,0,0.19,2.07
Need for Speed: ProStreet,2007,Racing,Electronic Arts,1.04,0.8,0.01,0.22,2.06
Tom Clancy's Splinter Cell: Conviction,2010,Action,Ubisoft,1.2,0.63,0.04,0.19,2.06
PGR4 - Project Gotham Racing 4,2007,Racing,Microsoft Game Studios,0.48,1.29,0.02,0.25,2.05
Dance Central 2,2011,Misc,Microsoft Game Studios,1.45,0.42,0.01,0.16,2.04
Just Dance 3,2011,Misc,Ubisoft,1.47,0.4,0,0.16,2.03
Call of Duty 2,2005,Shooter,Activision,1.81,0.05,0.01,0.15,2.02
Madden NFL 15,2014,Sports,Electronic Arts,1.76,0.09,0,0.17,2.02
Forza Horizon,2012,Racing,Microsoft Game Studios,0.82,0.98,0.04,0.18,2.02
Resident Evil 6,2012,Shooter,Capcom,1.11,0.63,0.07,0.16,1.98
BioShock Infinite,2013,Shooter,Take-Two Interactive,1.22,0.57,0.02,0.15,1.96
Tom Clancy's Rainbow Six: Vegas,2006,Shooter,Ubisoft,1.09,0.65,0.02,0.2,1.96
Destiny,2014,Shooter,Activision,1.3,0.49,0,0.16,1.95
FIFA Soccer 09,2008,Sports,Electronic Arts,0.49,1.26,0.01,0.18,1.94
Batman: Arkham Origins,2013,Action,Warner Bros. Interactive Entertainment,1.15,0.61,0,0.17,1.93
Mortal Kombat vs. DC Universe,2008,Fighting,Midway Games,1.53,0.24,0,0.16,1.93
Tomb Raider (2013),2013,Action,Square Enix,0.86,0.87,0.01,0.17,1.92
Need for Speed: Shift,2009,Racing,Electronic Arts,0.73,0.97,0.01,0.22,1.92
The Orange Box,2007,Shooter,Electronic Arts,1.09,0.54,0.02,0.17,1.83
Madden NFL 07,2006,Sports,Electronic Arts,1.66,0,0.01,0.13,1.8
Kinect Star Wars,2012,Action,Microsoft Game Studios,1.05,0.57,0.03,0.14,1.78
Hitman: Absolution,2012,Action,Square Enix,0.68,0.9,0.01,0.17,1.76
Call of Duty: Black Ops 3,2015,Shooter,Activision,1.11,0.48,0,0.16,1.76
Crackdown,2007,Shooter,Microsoft Game Studios,1,0.54,0.03,0.18,1.75
Dishonored,2012,Action,Bethesda Softworks,1.06,0.52,0.01,0.14,1.73
Saints Row IV,2013,Action,Deep Silver,1.01,0.53,0.01,0.14,1.69
FIFA 16,2015,Sports,Electronic Arts,0.55,1.01,0,0.13,1.69
Need For Speed: Undercover,2008,Racing,Electronic Arts,0.79,0.71,0.01,0.18,1.69
LEGO Batman 2: DC Super Heroes,2012,Action,Warner Bros. Interactive Entertainment,0.9,0.64,0,0.15,1.68
Max Payne 3,2012,Shooter,Take-Two Interactive,0.86,0.64,0.01,0.14,1.66
Need for Speed Carbon,2006,Racing,Electronic Arts,0.76,0.7,0.02,0.18,1.66
Army of Two,2008,Shooter,Electronic Arts,1.09,0.38,0.02,0.16,1.65
Kinectimals,2010,Simulation,Microsoft Game Studios,1.02,0.48,0,0.14,1.64
Viva Pinata,2006,Simulation,Microsoft Game Studios,0.45,0.96,0.02,0.2,1.63
NBA 2K15,2014,Sports,Take-Two Interactive,1.33,0.14,0,0.15,1.63
Just Cause 2,2010,Action,Square Enix,0.59,0.85,0.02,0.17,1.62
Rage,2011,Shooter,Bethesda Softworks,0.82,0.61,0.03,0.15,1.62
Gears of War: Judgment,2013,Shooter,Microsoft Game Studios,0.92,0.53,0.03,0.13,1.61
Far Cry 2,2008,Action,Ubisoft,0.71,0.69,0.02,0.18,1.6
SoulCalibur IV,2008,Fighting,Ubisoft,0.92,0.44,0.07,0.15,1.59
LEGO Harry Potter: Years 1-4,2010,Action,Warner Bros. Interactive Entertainment,0.95,0.5,0,0.14,1.59
Need for Speed: Most Wanted,2012,Racing,Electronic Arts,0.62,0.8,0.01,0.15,1.58
Mafia II,2010,Action,Take-Two Interactive,0.84,0.56,0,0.15,1.55
Tom Clancy's Ghost Recon Advanced Warfighter,2006,Shooter,Ubisoft,1.4,0.02,0.02,0.1,1.54
Dead Space 2,2011,Shooter,Electronic Arts,0.94,0.45,0,0.13,1.52
LEGO Star Wars III: The Clone Wars,2011,Action,LucasArts,0.84,0.54,0,0.13,1.51
Dead Rising 2,2010,Action,Capcom,0.75,0.53,0.09,0.12,1.5
007: Quantum of Solace,2008,Action,Activision,0.82,0.52,0.01,0.14,1.49
Fight Night Round 3,2006,Fighting,Electronic Arts,1.33,0.03,0.01,0.1,1.47
Star Wars: The Force Unleashed II,2010,Action,LucasArts,0.95,0.4,0,0.12,1.47
Tom Clancy's Ghost Recon: Future Soldier,2012,Shooter,Ubisoft,0.93,0.4,0.02,0.12,1.46
Battlefield: Bad Company,2008,Shooter,Electronic Arts,0.81,0.46,0.04,0.15,1.46
Homefront,2011,Shooter,THQ,0.83,0.48,0.02,0.12,1.46
Diablo III,2013,Role-Playing,Activision,0.89,0.44,0,0.12,1.45
WWE SmackDown vs Raw 2008,2007,Fighting,THQ,0.92,0.38,0,0.13,1.44
Kinect Joy Ride,2010,Racing,Microsoft Game Studios,0.92,0.4,0,0.12,1.44
Disney Infinity,2013,Action,Disney Interactive Studios,0.96,0.37,0,0.11,1.43
Sonic's Ultimate Genesis Collection,2009,Misc,Sega,0.85,0.46,0,0.13,1.43
Sonic Generations,2011,Platform,Sega,0.71,0.57,0,0.14,1.42
Dead Space,2008,Action,Electronic Arts,0.89,0.4,0,0.13,1.42
Fight Night Round 4,2009,Fighting,Electronic Arts,0.95,0.34,0,0.13,1.41
Injustice: Gods Among Us,2013,Fighting,Warner Bros. Interactive Entertainment,0.97,0.34,0,0.11,1.41
Deus Ex: Human Revolution,2011,Shooter,Square Enix,0.76,0.48,0.02,0.12,1.39
Titanfall,2014,Shooter,Electronic Arts,0.87,0.38,0.02,0.11,1.38
Need for Speed: The Run,2011,Action,Electronic Arts,0.63,0.58,0,0.15,1.38
Burnout Paradise,2008,Racing,Electronic Arts,0.63,0.58,0.01,0.15,1.36
Alan Wake,2010,Action,Microsoft Game Studios,0.66,0.51,0.05,0.13,1.35
Devil May Cry 4,2008,Action,Capcom,0.79,0.34,0.08,0.13,1.35
Crysis 2,2011,Action,Electronic Arts,0.7,0.5,0.02,0.12,1.35
FIFA Soccer 08,2007,Sports,Electronic Arts,0.31,0.89,0.01,0.14,1.35
Lost Planet: Extreme Condition,2006,Shooter,Capcom,1.09,0.04,0.1,0.11,1.34
Your Shape: Fitness Evolved,2010,Sports,Ubisoft,0.79,0.42,0,0.11,1.33
Skylanders SWAP Force,2013,Platform,Activision,0.86,0.36,0,0.11,1.33
UFC Undisputed 2010,2010,Fighting,THQ,0.9,0.31,0,0.11,1.33
The LEGO Movie Videogame,2014,Action,Warner Bros. Interactive Entertainment,0.69,0.52,0,0.11,1.32
Skylanders Giants,2012,Action,Activision,0.75,0.45,0,0.11,1.32
The Beatles: Rock Band,2009,Misc,MTV Games,0.97,0.23,0,0.11,1.31
Tekken 6,2009,Fighting,Namco Bandai Games,0.71,0.42,0.05,0.13,1.31
[Prototype],2009,Action,Activision,0.84,0.35,0,0.12,1.31
Need for Speed: Most Wanted,2005,Racing,Electronic Arts,1,0.17,0.02,0.1,1.29
Watch Dogs,2014,Action,Ubisoft,0.72,0.45,0.01,0.11,1.28
WWE '13,2012,Action,THQ,0.72,0.45,0,0.11,1.28
NBA 2K9,2008,Sports,Take-Two Interactive,1,0.16,0,0.11,1.27
WWE '12,2011,Fighting,THQ,0.74,0.4,0,0.12,1.27
LEGO The Lord of the Rings,2012,Action,Warner Bros. Interactive Entertainment,0.63,0.51,0,0.11,1.26
Guitar Hero: Aerosmith,2008,Misc,Activision,1,0.14,0,0.1,1.23
Just Dance 4,2012,Misc,Ubisoft,0.9,0.2,0,0.08,1.19
Your Shape: Fitness Evolved 2012,2011,Sports,Ubisoft,0.7,0.37,0,0.1,1.17
Medal of Honor: Warfighter,2012,Action,Electronic Arts,0.58,0.47,0.01,0.1,1.17
Mirror's Edge,2008,Platform,Electronic Arts,0.51,0.51,0.01,0.13,1.17
Sniper: Ghost Warrior,2010,Shooter,City Interactive,0.54,0.51,0,0.12,1.16
Plants vs. Zombies: Garden Warfare,2014,Shooter,Electronic Arts,0.51,0.54,0,0.1,1.16
Guitar Hero 5,2009,Misc,Activision,0.65,0.37,0,0.11,1.14
WWE 2K14,2013,Sports,Take-Two Interactive,0.64,0.39,0,0.1,1.13
Dragon Age II,2011,Action,Electronic Arts,0.72,0.3,0.01,0.09,1.12
Crackdown 2,2010,Shooter,Microsoft Game Studios,0.63,0.37,0.02,0.1,1.12
Rocksmith,2011,Misc,Ubisoft,0.84,0.2,0.01,0.08,1.12
Disney Infinity 2.0: Marvel Super Heroes,2014,Action,Disney Interactive Studios,0.62,0.4,0,0.1,1.12
Medal of Honor: Airborne,2007,Shooter,Electronic Arts,0.45,0.53,0.01,0.12,1.1
Skate 2,2009,Sports,Electronic Arts,0.82,0.17,0.01,0.09,1.09
Sonic Free Riders,2010,Racing,Sega,0.74,0.26,0,0.09,1.09
NCAA Football 13,2012,Action,Electronic Arts,1.02,0,0,0.06,1.08
Tomb Raider: Underworld,2008,Action,Eidos Interactive,0.53,0.43,0.01,0.11,1.08
Marvel vs. Capcom 3: Fate of Two Worlds,2011,Fighting,Capcom,0.79,0.18,0.03,0.07,1.08
NCAA Football 14,2013,Sports,Electronic Arts,1.01,0,0,0.06,1.07
Red Dead Redemption: Undead Nightmare,2010,Action,Take-Two Interactive,0.57,0.39,0.02,0.09,1.07
Bully: Scholarship Edition,2008,Action,Take-Two Interactive,0.53,0.4,0.03,0.11,1.07
Pro Evolution Soccer 2008,2007,Sports,Konami Digital Entertainment,0.08,0.9,0.04,0.05,1.07
LEGO Pirates of the Caribbean: The Video Game,2011,Action,Disney Interactive Studios,0.54,0.42,0,0.1,1.07
Aliens vs Predator,2010,Shooter,Sega,0.55,0.4,0,0.11,1.06
Darksiders,2010,Action,THQ,0.67,0.29,0.01,0.1,1.06
Mercenaries 2: World in Flames,2008,Shooter,Electronic Arts,0.65,0.3,0.01,0.1,1.06
DJ Hero,2009,Misc,Activision,0.56,0.4,0,0.11,1.06
Assassin's Creed: Rogue,2014,Action,Ubisoft,0.58,0.38,0,0.09,1.05
WWE SmackDown vs. Raw 2010,2009,Fighting,THQ,0.56,0.38,0.01,0.11,1.05
Sonic the Hedgehog,2006,Platform,Sega,0.44,0.49,0,0.11,1.05
The Simpsons Game,2007,Action,Electronic Arts,0.54,0.4,0,0.11,1.05
Brink,2011,Shooter,Bethesda Softworks,0.59,0.35,0.01,0.09,1.04
LEGO Indiana Jones 2: The Adventure Continues,2009,Action,Activision,0.62,0.33,0,0.09,1.04
Bulletstorm,2011,Shooter,Electronic Arts,0.61,0.32,0.01,0.08,1.02
Tom Clancy's Ghost Recon Advanced Warfighter 2,2007,Shooter,Ubisoft,0.87,0.05,0.02,0.08,1.02
Ace Combat 6: Fires of Liberation,2007,Simulation,Atari,0.69,0.04,0.22,0.06,1.02
Prince of Persia,2008,Action,Ubisoft,0.54,0.35,0.02,0.1,1.01
Ninja Gaiden II,2008,Action,Tecmo Koei,0.65,0.22,0.05,0.1,1.01
PES 2009: Pro Evolution Soccer,2008,Sports,Konami Digital Entertainment,0.13,0.76,0.03,0.09,1
UFC Undisputed 3,2012,Action,THQ,0.72,0.21,0,0.07,1
Winning Eleven: Pro Evolution Soccer 2007 (All Region sales),2006,Sports,Konami Digital Entertainment,0.08,0.9,0.02,0,1
Dark Souls,2011,Role-Playing,Namco Bandai Games,0.64,0.28,0,0.08,1
Dead Space 3,2013,Action,Electronic Arts,0.64,0.28,0,0.08,0.99
LEGO Harry Potter: Years 5-7,N/A,Action,Warner Bros. Interactive Entertainment,0.51,0.39,0,0.09,0.99
Tom Clancy's Splinter Cell: Blacklist,2013,Action,Ubisoft,0.57,0.34,0.01,0.08,0.99
NCAA Football 12,2011,Sports,Electronic Arts,0.94,0,0,0.06,0.99
Just Dance 2014,2013,Misc,Ubisoft,0.72,0.19,0,0.07,0.98
Far Cry 4,2014,Shooter,Ubisoft,0.45,0.44,0,0.08,0.98
Madden NFL 16,2015,Sports,Electronic Arts,0.82,0.05,0,0.1,0.98
Brutal Legend,2009,Action,Electronic Arts,0.62,0.27,0,0.09,0.98
NBA 2K10,2009,Sports,Take-Two Interactive,0.88,0.02,0,0.08,0.97
Skylanders: Spyro's Adventure,2011,Action,Activision,0.53,0.35,0,0.1,0.97
NBA 2K16,2015,Sports,Take-Two Interactive,0.77,0.1,0,0.1,0.97
Sonic Unleashed,2008,Platform,Sega,0.54,0.33,0,0.09,0.96
LEGO Jurassic World,2015,Action,Warner Bros. Interactive Entertainment,0.47,0.4,0,0.08,0.95
South Park: The Stick of Truth,2014,Role-Playing,Ubisoft,0.57,0.3,0,0.08,0.95
Army of Two: The 40th Day,2010,Shooter,Electronic Arts,0.62,0.24,0,0.08,0.95
Lego Batman 3: Beyond Gotham,2014,Action,Warner Bros. Interactive Entertainment,0.48,0.38,0,0.08,0.95
Rocksmith 2014,2013,Misc,Ubisoft,0.69,0.17,0,0.08,0.94
The Witcher 2: Assassins of Kings,2012,Action,Namco Bandai Games,0.48,0.36,0.02,0.08,0.94
Bayonetta,2009,Action,Sega,0.51,0.26,0.09,0.08,0.94
NCAA Football 10,2009,Sports,Electronic Arts,0.87,0,0,0.07,0.94
Operation Flashpoint: Dragon Rising,2009,Shooter,Codemasters,0.36,0.45,0.02,0.1,0.93
Skylanders: Trap Team,2014,Action,Activision,0.54,0.31,0,0.08,0.93
Blue Dragon,2006,Role-Playing,Microsoft Game Studios,0.3,0.33,0.21,0.08,0.92
NCAA Football 11,2010,Sports,Electronic Arts,0.86,0,0,0.06,0.92
FIFA Street,2012,Sports,Electronic Arts,0.17,0.65,0,0.1,0.92
WWE SmackDown vs. Raw 2009,2008,Fighting,THQ,0.58,0.26,0,0.08,0.92
Dante's Inferno,2010,Action,Electronic Arts,0.63,0.2,0.02,0.07,0.92
Wipeout: In The Zone,2011,Misc,Activision,0.87,0,0,0.05,0.92
Crysis 3,2013,Shooter,Electronic Arts,0.51,0.33,0.01,0.08,0.92
Lost Odyssey,2007,Role-Playing,Microsoft Game Studios,0.45,0.27,0.11,0.09,0.92
Tom Clancy's EndWar,2008,Strategy,Ubisoft,0.58,0.24,0.01,0.09,0.91
Minecraft: Story Mode,2015,Adventure,Mojang,0.46,0.38,0,0.08,0.91
Marvel: Ultimate Alliance 2,2009,Role-Playing,Activision,0.68,0.15,0,0.08,0.91
The Biggest Loser: Ultimate Workout,2010,Sports,THQ,0.73,0.1,0,0.06,0.9
F1 2010,2010,Racing,Codemasters,0.18,0.59,0.01,0.1,0.89
Kingdoms of Amalur: Reckoning,2012,Role-Playing,Electronic Arts,0.55,0.25,0.01,0.07,0.89
WWE SmackDown vs. Raw 2011,2010,Fighting,THQ,0.44,0.36,0,0.08,0.88
Sleeping Dogs,2012,Action,Square Enix,0.38,0.41,0.01,0.08,0.88
Michael Jackson: The Experience,2011,Misc,Ubisoft,0.62,0.2,0,0.07,0.88
Rock Band 3,2010,Misc,MTV Games,0.73,0.1,0,0.06,0.88
GRID,2008,Racing,Codemasters,0.33,0.44,0.01,0.09,0.88
DiRT,2007,Racing,Codemasters,0.38,0.4,0,0.09,0.87
Red Faction: Guerrilla,2009,Shooter,THQ,0.48,0.29,0.01,0.09,0.87
Brothers in Arms: Hell's Highway,2008,Shooter,Ubisoft,0.47,0.31,0,0.09,0.87
Guitar Hero: Warriors of Rock,2010,Misc,Activision,0.47,0.32,0,0.08,0.87
The Lord of the Rings: War in the North,N/A,Action,Warner Bros. Interactive Entertainment,0.52,0.26,0,0.08,0.86
2010 FIFA World Cup South Africa,2010,Sports,Electronic Arts,0.32,0.43,0.02,0.09,0.86
Forza Horizon 2,2014,Racing,Microsoft Game Studios,0.35,0.43,0,0.07,0.85
NBA 2K8,2007,Sports,Take-Two Interactive,0.79,0,0,0.07,0.85
Sniper Elite V2,2012,Shooter,505 Games,0.46,0.29,0.02,0.07,0.85
Duke Nukem Forever,2011,Shooter,Take-Two Interactive,0.52,0.25,0,0.07,0.84
Need for Speed Rivals,2013,Racing,Electronic Arts,0.37,0.38,0.01,0.08,0.84
Dance Central 3,2012,Misc,Microsoft Game Studios,0.57,0.2,0,0.06,0.83
Sid Meier's Civilization Revolution,2008,Strategy,Take-Two Interactive,0.58,0.17,0,0.07,0.83
DJ Hero 2,2010,Misc,Activision,0.64,0.12,0,0.06,0.82
Stranglehold,2007,Shooter,Midway Games,0.4,0.33,0.01,0.09,0.82
Shaun White Snowboarding,N/A,Sports,Ubisoft,0.48,0.26,0,0.08,0.82
Pro Evolution Soccer 2010,2009,Sports,Konami Digital Entertainment,0.12,0.58,0.03,0.08,0.81
DiRT 2,2009,Racing,Codemasters,0.32,0.4,0,0.09,0.81
Guitar Hero: Metallica,2009,Misc,Activision,0.52,0.21,0,0.07,0.81
Fight Night Champion,2011,Fighting,Electronic Arts,0.4,0.33,0,0.07,0.8
Aliens: Colonial Marines,2013,Shooter,Sega,0.36,0.37,0,0.07,0.8
[Prototype 2],2012,Action,Activision,0.48,0.25,0,0.07,0.8
Sonic & SEGA All-Stars Racing with Banjo-Kazooie,2010,Racing,Sega,0.37,0.35,0,0.07,0.8
Dragon's Dogma,2012,Role-Playing,Capcom,0.42,0.24,0.07,0.06,0.8
Darksiders II,2012,Action,THQ,0.45,0.28,0,0.07,0.8
Band Hero,2009,Misc,Activision,0.51,0.22,0,0.07,0.8
The Godfather II,2009,Action,Electronic Arts,0.47,0.24,0.01,0.08,0.79
Rayman Origins,2011,Platform,Ubisoft,0.38,0.34,0,0.08,0.79
Star Ocean: The Last Hope,2009,Role-Playing,Square Enix,0.32,0.2,0.21,0.06,0.79
Dead Island: Riptide,2013,Action,Deep Silver,0.44,0.27,0.01,0.07,0.79
Too Human,2008,Role-Playing,Microsoft Game Studios,0.38,0.3,0.03,0.08,0.79
Naruto Shippuden: Ultimate Ninja Storm 2,2010,Fighting,Namco Bandai Games,0.43,0.27,0.01,0.07,0.79
Tom Clancy's Splinter Cell: Double Agent,2006,Action,Ubisoft,0.67,0.05,0.01,0.06,0.78
Lips,2008,Misc,Microsoft Game Studios,0.12,0.56,0,0.1,0.78
UFC Personal Trainer: The Ultimate Fitness System,2011,Sports,THQ,0.53,0.19,0,0.06,0.78
Resident Evil: Operation Raccoon City,2012,Action,Capcom,0.55,0.15,0.03,0.06,0.78
Toy Story 3: The Video Game,2010,Action,Disney Interactive Studios,0.41,0.29,0,0.07,0.78
Banjo-Kazooie: Nuts & Bolts,2008,Platform,Microsoft Game Studios,0.32,0.36,0,0.09,0.78
Avatar: The Game,2009,Action,Ubisoft,0.34,0.35,0,0.08,0.78
Perfect Dark Zero,2005,Shooter,Microsoft Game Studios,0.66,0.02,0.03,0.06,0.77
Lost Planet 2,2010,Shooter,Capcom,0.38,0.24,0.08,0.06,0.76
Kane & Lynch: Dead Men,2007,Shooter,Eidos Interactive,0.36,0.31,0.01,0.08,0.76
Dark Souls II,2014,Role-Playing,Namco Bandai Games,0.48,0.2,0.01,0.06,0.76
Rockstar Games presents Table Tennis,2006,Sports,Take-Two Interactive,0.28,0.39,0,0.09,0.76
Turok,2008,Action,Touchstone,0.46,0.21,0.01,0.07,0.75
The Amazing Spider-Man (Console Version),2012,Action,Activision,0.43,0.26,0,0.06,0.75
Tales of Vesperia,2008,Role-Playing,Atari,0.32,0.18,0.19,0.05,0.75
Borderlands: The Pre-Sequel,2014,Shooter,Take-Two Interactive,0.46,0.22,0.01,0.06,0.75
The Walking Dead: Season One,2012,Adventure,Avanquest Software,0.55,0.14,0,0.05,0.75
Final Fantasy XIII-2,2011,Role-Playing,Square Enix,0.36,0.3,0.02,0.06,0.74
F1 2011,2011,Racing,Codemasters,0.11,0.51,0.01,0.09,0.73
NHL 11,2010,Sports,Electronic Arts,0.61,0.07,0,0.05,0.73
DiRT 3,2011,Racing,Codemasters,0.23,0.41,0.01,0.08,0.73
NCAA Football 07,2006,Sports,Electronic Arts,0.67,0,0,0.06,0.73
MX vs. ATV Reflex,2009,Racing,THQ,0.52,0.15,0,0.06,0.73
SSX,2012,Sports,Electronic Arts,0.38,0.28,0,0.06,0.72
Major League Baseball 2K7,2007,Sports,Spike,0.67,0,0,0.05,0.72
Terraria,2013,Action,505 Games,0.35,0.31,0,0.06,0.72
Skate,2007,Sports,Electronic Arts,0.62,0.04,0,0.06,0.72
Driver: San Francisco,2011,Racing,Ubisoft,0.25,0.39,0,0.08,0.72
Omerta: City of Gangsters,2011,Simulation,Konami Digital Entertainment,0.42,0.23,0,0.06,0.71
Two Worlds,2007,Role-Playing,SouthPeak Games,0.41,0.23,0,0.07,0.71
NCAA Football 09,2008,Sports,Electronic Arts,0.65,0,0,0.05,0.71
NBA Live 09,2008,Sports,Electronic Arts,0.5,0.14,0,0.07,0.71
NHL 12,2011,Sports,Electronic Arts,0.55,0.1,0,0.05,0.7
Infinite Undiscovery,2008,Role-Playing,Square Enix,0.34,0.18,0.12,0.06,0.7
NCAA Football 08,2007,Sports,Electronic Arts,0.65,0,0,0.05,0.7
MotionSports,2010,Sports,Ubisoft,0.38,0.26,0,0.06,0.7
WWE 2K15,2014,Sports,Take-Two Interactive,0.38,0.26,0,0.06,0.69
X-Men Origins: Wolverine - Uncaged Edition,2009,Action,Activision,0.42,0.21,0,0.06,0.69
Shrek the Third,2007,Action,Activision,0.54,0.1,0,0.06,0.69
Test Drive Unlimited 2,N/A,Racing,Atari,0.3,0.32,0,0.07,0.69
MX vs. ATV Untamed,2007,Racing,THQ,0.55,0.08,0,0.06,0.69
The Last Remnant,2008,Role-Playing,Square Enix,0.25,0.2,0.18,0.06,0.69
Castlevania: Lords of Shadow,2010,Action,Konami Digital Entertainment,0.42,0.18,0.01,0.05,0.67
NHL 13,2012,Sports,Electronic Arts,0.51,0.11,0,0.05,0.67
NHL 10,2009,Sports,Electronic Arts,0.51,0.1,0,0.06,0.66
Scene It? Box Office Smash,2008,Misc,Microsoft Game Studios,0.33,0.25,0,0.07,0.66
Tiger Woods PGA Tour 09,2008,Sports,Electronic Arts,0.35,0.23,0,0.07,0.65
Tiger Woods PGA Tour 10,2009,Sports,Electronic Arts,0.39,0.2,0,0.06,0.65
Dragon Ball: Raging Blast 2,2010,Fighting,Namco Bandai Games,0.49,0.09,0.01,0.05,0.64
XCOM: Enemy Unknown,2012,Strategy,Take-Two Interactive,0.36,0.23,0,0.05,0.64
Stuntman: Ignition,2007,Racing,THQ,0.25,0.32,0,0.07,0.64
LEGO Star Wars II: The Original Trilogy,2006,Action,LucasArts,0.55,0.04,0,0.05,0.64
The Lord of the Rings: Conquest,2009,Action,Electronic Arts,0.37,0.21,0,0.06,0.64
The Walking Dead: Survival Instinct,2013,Shooter,Activision,0.46,0.12,0,0.05,0.64
Just Dance 2015,2014,Misc,Ubisoft,0.41,0.16,0,0.06,0.63
Juiced 2: Hot Import Nights,2007,Racing,THQ,0.22,0.34,0,0.07,0.63
Ghostbusters: The Video Game,2009,Action,Atari,0.43,0.14,0,0.06,0.63
Condemned 2: Bloodshot,2008,Action,Sega,0.38,0.19,0,0.06,0.63
"Transformers: Revenge of the Fallen (XBox 360, PS3, & PC Versions)",2009,Shooter,Activision,0.34,0.23,0,0.06,0.63
Sonic & All-Stars Racing Transformed,2012,Racing,Sega,0.2,0.37,0,0.06,0.63
Tiger Woods PGA Tour 12: The Masters,2011,Sports,Electronic Arts,0.4,0.17,0,0.05,0.63
Prince of Persia: The Forgotten Sands,2010,Action,Ubisoft,0.3,0.26,0,0.06,0.62
Wall-E,2008,Platform,THQ,0.29,0.26,0,0.07,0.62
Tony Hawk: RIDE,2009,Sports,Activision,0.46,0.1,0,0.05,0.61
pro evolution soccer 2011,2010,Sports,Konami Digital Entertainment,0.09,0.44,0,0.07,0.61
Major League Baseball 2K8,2008,Sports,Bethesda Softworks,0.56,0,0,0.05,0.61
Major League Baseball 2K9,2009,Sports,Spike,0.56,0,0,0.05,0.61
Split/Second,2010,Racing,Disney Interactive Studios,0.32,0.23,0,0.06,0.61
"Transformers: The Game (XBox 360, PS2, PS3, Wii & PC Versions)",2007,Action,Activision,0.51,0.05,0,0.05,0.61
Fighters Uncaged,2010,Fighting,Ubisoft,0.31,0.24,0,0.06,0.61
Call of Juarez: Bound in Blood,2009,Shooter,Ubisoft,0.3,0.24,0,0.06,0.61
PGR3 - Project Gotham Racing 3,2005,Racing,Microsoft Game Studios,0.49,0.03,0.03,0.05,0.6
Blur,2010,Racing,Activision,0.25,0.28,0,0.06,0.6
Kinect Rush: A Disney Pixar Adventure,2012,Adventure,Microsoft Game Studios,0.38,0.16,0,0.05,0.6
Monopoly,2008,Misc,Electronic Arts,0.34,0.2,0,0.06,0.6
London 2012: The Official Video Game of the Olympic Games,2012,Sports,Sega,0.07,0.46,0,0.07,0.59
Beijing 2008,2008,Sports,Sega,0.15,0.38,0,0.07,0.59
Naruto: The Broken Bond,2008,Action,Ubisoft,0.24,0.28,0,0.07,0.59
Payday 2,2013,Shooter,505 Games,0.33,0.21,0,0.05,0.59
SoulCalibur V,2012,Fighting,Namco Bandai Games,0.39,0.14,0.02,0.04,0.59
Madden NFL 06,N/A,Sports,Electronic Arts,0.54,0,0.01,0.03,0.59
Game Party in Motion,2010,Misc,Warner Bros. Interactive Entertainment,0.36,0.18,0,0.05,0.59
Lost: Via Domus,2008,Action,Ubisoft,0.18,0.34,0,0.07,0.59
Tom Clancy's HAWX,2009,Action,Ubisoft,0.31,0.19,0.02,0.06,0.58
"Transformers: War for Cybertron (XBox 360, PS3, & PC Versions)",2010,Shooter,Activision,0.37,0.15,0,0.05,0.58
NBA 2K7,2006,Sports,Take-Two Interactive,0.53,0,0,0.04,0.58
Blacksite: Area 51,2007,Shooter,Midway Games,0.29,0.23,0,0.06,0.57
Spider-Man 3,2007,Platform,Activision,0.49,0.04,0,0.04,0.57
Disney Universe,2011,Action,Disney Interactive Studios,0.37,0.15,0,0.05,0.57
Iron Man,2008,Action,Sega,0.27,0.24,0,0.06,0.57
"Warhammer 40,000: Space Marine",2011,Shooter,THQ,0.25,0.27,0,0.06,0.57
Defiance,2013,Shooter,Trion Worlds,0.38,0.15,0,0.04,0.57
LEGO Rock Band,2009,Misc,Warner Bros. Interactive Entertainment,0.4,0.12,0,0.05,0.57
Top Spin 3,2008,Action,Take-Two Interactive,0.09,0.4,0,0.07,0.57
LEGO Dimensions,2015,Action,Warner Bros. Interactive Entertainment,0.24,0.28,0,0.05,0.56
Wolfenstein,2009,Shooter,Activision,0.28,0.22,0,0.06,0.56
Tony Hawk's Proving Ground,2007,Sports,Activision,0.49,0.02,0,0.04,0.56
Frontlines: Fuel of War,2008,Shooter,THQ,0.34,0.15,0.01,0.05,0.56
Lips: Number One Hits,2009,Misc,Microsoft Game Studios,0.15,0.35,0,0.07,0.56
MX vs. ATV: Alive,2011,Racing,THQ,0.37,0.14,0,0.05,0.56
Dragon Age: Inquisition,2014,Role-Playing,Electronic Arts,0.35,0.16,0,0.05,0.55
TMNT,2007,Action,Ubisoft,0.47,0.04,0,0.04,0.55
Enslaved: Odyssey to the West,2010,Action,Namco Bandai Games,0.3,0.19,0,0.05,0.55
Metro 2033,2010,Shooter,THQ,0.22,0.24,0.03,0.05,0.55
Tiger Woods PGA Tour 08,2007,Sports,Electronic Arts,0.49,0.02,0,0.04,0.54
Sacred 2: Fallen Angel,2009,Role-Playing,Deep Silver,0.29,0.17,0.04,0.05,0.54
Two Worlds II,2011,Role-Playing,Unknown,0.4,0.08,0.03,0.04,0.54
Dragon Ball Z: Ultimate Tenkaichi,2011,Fighting,Namco Bandai Games,0.39,0.1,0.01,0.04,0.54
NHL 14,2013,Sports,Electronic Arts,0.4,0.1,0,0.04,0.54
Middle-Earth: Shadow of Mordor,2014,Action,Warner Bros. Interactive Entertainment,0.28,0.21,0,0.05,0.54
Epic Mickey 2: The Power of Two,2012,Action,Disney Interactive Studios,0.32,0.17,0,0.04,0.54
Sesame Street: Once Upon A Monster,2011,Misc,Warner Bros. Interactive Entertainment,0.39,0.1,0,0.04,0.53
F.E.A.R. 2: Project Origin,2009,Shooter,Warner Bros. Interactive Entertainment,0.32,0.15,0,0.05,0.53
Tiger Woods PGA Tour 11,2010,Sports,Electronic Arts,0.28,0.2,0,0.05,0.53
NBA Live 08,2007,Sports,Electronic Arts,0.47,0,0,0.04,0.52
IL-2 Sturmovik: Birds of Prey,2009,Simulation,505 Games,0.23,0.24,0,0.05,0.52
Naruto Shippuden: Ultimate Ninja Storm 3,2013,Fighting,Namco Bandai Games,0.29,0.17,0.01,0.04,0.51
Tiger Woods PGA Tour 13,2012,Sports,Electronic Arts,0.29,0.18,0,0.04,0.51
The Saboteur,2009,Action,Electronic Arts,0.26,0.21,0,0.05,0.51
Goldeneye 007: Reloaded,2011,Shooter,Activision,0.25,0.21,0,0.05,0.51
Dragon Ball: Raging Blast,2009,Fighting,Namco Bandai Games,0.36,0.09,0.02,0.04,0.51
Major League Baseball 2K10,2010,Sports,Take-Two Interactive,0.47,0,0,0.04,0.51
WWE SmackDown vs. RAW 2007,2006,Fighting,THQ,0.44,0.03,0,0.04,0.51
Burnout Revenge,2006,Racing,Electronic Arts,0.42,0.05,0,0.04,0.51
F1 2012,2012,Racing,Codemasters,0.1,0.35,0,0.06,0.5
NHL 09,2008,Sports,Electronic Arts,0.45,0.01,0,0.04,0.5
Wet,N/A,Shooter,Bethesda Softworks,0.23,0.21,0.01,0.05,0.5
Alice: Madness Returns,2011,Adventure,Electronic Arts,0.27,0.15,0.04,0.04,0.5
Pro Evolution Soccer 2012,2011,Action,Konami Digital Entertainment,0.1,0.34,0,0.07,0.5
WWE 2K16,2015,Sports,Take-Two Interactive,0.27,0.19,0,0.04,0.5
LEGO The Hobbit,2014,Action,Warner Bros. Interactive Entertainment,0.2,0.26,0,0.04,0.5
Dance Dance Revolution Universe 2,2007,Simulation,Konami Digital Entertainment,0.46,0.01,0,0.04,0.5
NBA Street Homecourt,2007,Sports,Electronic Arts,0.45,0.01,0,0.04,0.5
Metal Gear Rising: Revengeance,2013,Action,Konami Digital Entertainment,0.29,0.16,0,0.04,0.5
Major League Baseball 2K12,2012,Sports,Take-Two Interactive,0.47,0,0,0.03,0.5
Cars 2,2011,Racing,Disney Interactive Studios,0.28,0.17,0,0.05,0.5
The Evil Within,2014,Action,Bethesda Softworks,0.25,0.2,0.01,0.04,0.5
Ace Combat: Assault Horizon,2011,Action,Namco Bandai Games,0.3,0.12,0.03,0.04,0.49
Tony Hawk's Project 8,2006,Sports,Activision,0.44,0.02,0,0.04,0.49
Kane & Lynch 2: Dog Days,2010,Shooter,Square Enix,0.2,0.23,0.01,0.05,0.49
Lollipop Chainsaw,2012,Action,Warner Bros. Interactive Entertainment,0.31,0.13,0.02,0.04,0.49
Dragon Ball Z: Burst Limit,2008,Fighting,Atari,0.24,0.18,0.03,0.05,0.49
Doom 3 BFG Edition,2012,Shooter,Bethesda Softworks,0.28,0.17,0,0.04,0.49
Alone in the Dark,2008,Adventure,Atari,0.14,0.3,0,0.05,0.49
Scene It? Lights Camera Action,2007,Misc,Microsoft Game Studios,0.43,0.02,0,0.04,0.48
You're in the Movies,2008,Misc,Microsoft Game Studios,0.27,0.17,0,0.05,0.48
Dark Sector,2008,Shooter,D3Publisher,0.22,0.2,0.01,0.05,0.48
James Bond 007: Blood Stone,2010,Shooter,Activision,0.2,0.24,0,0.05,0.48
Tiger Woods PGA Tour 07,2006,Sports,Electronic Arts,0.44,0,0,0.04,0.48
Crash: Mind Over Mutant,2008,Platform,Vivendi Games,0.22,0.21,0,0.05,0.48
Viva Pinata: Trouble in Paradise,2008,Simulation,Microsoft Game Studios,0.16,0.25,0.01,0.05,0.48
Fable,2014,Role-Playing,Microsoft Game Studios,0.25,0.19,0.01,0.04,0.48
FIFA World Cup Germany 2006,2006,Sports,Electronic Arts,0.19,0.27,0.01,0,0.48
Unreal Tournament III,2008,Shooter,Midway Games,0.25,0.17,0.01,0.05,0.47
Street Fighter X Tekken,2012,Fighting,Capcom,0.31,0.1,0.03,0.03,0.47
Dragon Age Origins: Awakening,2010,Role-Playing,Electronic Arts,0.33,0.1,0,0.04,0.47
2014 FIFA World Cup Brazil,2014,Sports,Electronic Arts,0.14,0.28,0,0.04,0.47
Shadowrun,2007,Role-Playing,Microsoft Game Studios,0.41,0.02,0,0.04,0.47
Dead or Alive 4,2005,Fighting,Tecmo Koei,0.3,0.03,0.1,0.03,0.47
Rise of Nightmares,2011,Action,Sega,0.28,0.13,0.01,0.04,0.47
Major League Baseball 2K13,2013,Sports,Take-Two Interactive,0.44,0,0,0.03,0.47
NHL 15,2014,Sports,Electronic Arts,0.35,0.07,0,0.04,0.47
Deadpool,2013,Action,Activision,0.26,0.16,0,0.04,0.46
Command & Conquer: Red Alert 3,2008,Strategy,Electronic Arts,0.18,0.23,0,0.05,0.46
Skylanders: SuperChargers,2015,Action,Activision,0.24,0.18,0,0.04,0.46
The Golden Compass,2007,Action,Sega,0.3,0.12,0,0.04,0.46
NBA Live 07,2006,Sports,Electronic Arts,0.42,0,0,0.04,0.46
Vin Diesel: Wheelman,2009,Racing,Ubisoft,0.24,0.17,0,0.05,0.46
Rayman Legends,2013,Platform,Ubisoft,0.19,0.23,0,0.04,0.46
Harry Potter and the Deathly Hallows - Part 1,2010,Action,Electronic Arts,0.21,0.2,0,0.04,0.46
Major League Baseball 2K11,2011,Sports,Take-Two Interactive,0.4,0.03,0,0.03,0.45
Enemy Territory: Quake Wars,2008,Shooter,Activision,0.3,0.11,0,0.04,0.45
Sega Rally Revo,2007,Racing,Sega,0.12,0.28,0,0.05,0.45
TNA iMPACT!,2008,Fighting,Midway Games,0.26,0.15,0,0.04,0.45
F.E.A.R. 3,2011,Shooter,Warner Bros. Interactive Entertainment,0.3,0.11,0.01,0.04,0.45
Naruto Shippuden: Ultimate Ninja Storm Generations,2012,Fighting,Namco Bandai Games,0.26,0.14,0.01,0.04,0.45
Viking: Battle for Asgard,2008,Action,Sega,0.16,0.24,0,0.05,0.45
Silent Hill: Homecoming,N/A,Action,Konami Digital Entertainment,0.25,0.16,0,0.04,0.45
NBA Live 10,2009,Sports,Electronic Arts,0.4,0.02,0,0.03,0.45
Brunswick Pro Bowling,2010,Sports,505 Games,0.38,0.04,0,0.03,0.45
Disney Infinity 3.0,2015,Action,Disney Interactive Studios,0.19,0.21,0,0.04,0.44
Transformers: Fall of Cybertron,2012,Action,Activision,0.28,0.13,0,0.04,0.44
DmC: Devil May Cry,2013,Action,Capcom,0.26,0.13,0.01,0.04,0.44
Need for Speed: Shift 2 Unleashed,2011,Racing,Electronic Arts,0.18,0.22,0,0.04,0.44
Child of Eden,2011,Shooter,Ubisoft,0.28,0.12,0,0.04,0.44
The Darkness,2007,Shooter,Take-Two Interactive,0.36,0.04,0.01,0.04,0.44
Robert Ludlum's The Bourne Conspiracy,N/A,Action,Vivendi Games,0.26,0.14,0,0.04,0.44
Devil May Cry HD Collection,2012,Action,Capcom,0.28,0.11,0.01,0.03,0.44
Spec Ops: The Line,2012,Shooter,Take-Two Interactive,0.21,0.19,0,0.04,0.43
Command & Conquer 3: Tiberium Wars,2007,Strategy,Electronic Arts,0.35,0.05,0,0.03,0.43
Disney Sing It,2008,Misc,Disney Interactive Studios,0.39,0.01,0,0.03,0.43
Guitar Hero: Smash Hits,2009,Misc,Activision,0.23,0.15,0,0.04,0.42
Top Spin 4,2011,Sports,Take-Two Interactive,0.15,0.23,0,0.04,0.42
Vanquish,2010,Shooter,Sega,0.19,0.17,0.03,0.04,0.42
Blazing Angels: Squadrons of WWII,2006,Simulation,Ubisoft,0.36,0.03,0,0.03,0.42
Condemned: Criminal Origins,2005,Action,Sega,0.36,0.03,0,0.03,0.42
TimeShift,2007,Shooter,Vivendi Games,0.36,0.02,0,0.03,0.41
Mass Effect Trilogy,2012,Action,Electronic Arts,0.28,0.1,0,0.03,0.41
Wolfenstein: The New Order,2014,Shooter,Bethesda Softworks,0.18,0.19,0,0.04,0.41
Farming Simulator 2015,2015,Simulation,Koch Media,0.21,0.16,0,0.04,0.41
Spider-Man: Web of Shadows,2008,Action,Activision,0.36,0.02,0,0.03,0.41
Fantastic Pets,2011,Simulation,THQ,0.3,0.08,0,0.03,0.41
Green Day: Rock Band,2010,Misc,MTV Games,0.24,0.13,0,0.04,0.41
Battlefield 2: Modern Combat,2006,Shooter,Electronic Arts,0.35,0.02,0.01,0.03,0.41
Naughty Bear,2010,Action,505 Games,0.21,0.16,0,0.04,0.41
Just Dance Kids 2,2011,Misc,Ubisoft,0.29,0.09,0,0.03,0.41
The Gunstringer,2011,Shooter,Microsoft Game Studios,0.26,0.11,0,0.04,0.41
Beowulf: The Game,2007,Action,Ubisoft,0.36,0.01,0,0.03,0.4
Overlord,2007,Strategy,Codemasters,0.34,0.03,0.01,0.03,0.4
NBA Jam,2010,Sports,Electronic Arts,0.27,0.1,0,0.03,0.4
Star Wars The Clone Wars: Republic Heroes,2009,Action,LucasArts,0.18,0.17,0,0.04,0.4
Rapala Pro Bass Fishing 2010,2010,Sports,Activision,0.32,0.05,0,0.03,0.4
Legends of WrestleMania,2009,Fighting,THQ,0.2,0.16,0,0.04,0.4
Tomb Raider: Anniversary,2007,Action,Eidos Interactive,0.12,0.23,0,0.05,0.4
Rise of the Tomb Raider,2015,Adventure,Square Enix,0.17,0.19,0,0.03,0.4
Hitman: Blood Money,2006,Action,Eidos Interactive,0.29,0.06,0.01,0.03,0.4
Alpha Protocol,2010,Role-Playing,Sega,0.23,0.13,0,0.04,0.4
The Darkness II,2012,Shooter,Take-Two Interactive,0.24,0.12,0,0.03,0.39
Red Faction: Armageddon,2011,Shooter,THQ,0.18,0.17,0.01,0.04,0.39
EA Sports Active 2,2010,Sports,Electronic Arts,0.18,0.17,0,0.04,0.39
Farming Simulator 2013,2013,Simulation,Focus Home Interactive,0.22,0.13,0,0.03,0.39
Tomb Raider: Legend,2006,Action,Eidos Interactive,0.27,0.08,0.01,0.03,0.39
Destiny: The Taken King,2015,Shooter,Activision,0.22,0.12,0,0.03,0.38
Quake 4,2005,Shooter,Activision,0.32,0.03,0,0.03,0.38
Trivial Pursuit,2009,Misc,Electronic Arts,0.12,0.21,0,0.04,0.37
Kingdom Under Fire: Circle of Doom,2007,Role-Playing,Microsoft Game Studios,0.18,0.12,0.04,0.04,0.37
Major League Baseball 2K6,2006,Sports,Spike,0.34,0,0,0.03,0.37
Dungeon Siege III,2011,Role-Playing,Square Enix,0.21,0.12,0.01,0.03,0.37
Wanted: Weapons of Fate,2009,Shooter,Warner Bros. Interactive Entertainment,0.17,0.15,0,0.04,0.37
Tom Clancy's HAWX 2,2010,Action,Ubisoft,0.24,0.09,0.01,0.03,0.36
Metro: Last Light,2013,Action,Deep Silver,0.17,0.16,0,0.03,0.36
Tiger Woods PGA Tour 14,2013,Sports,Electronic Arts,0.21,0.13,0,0.03,0.36
Spider-Man: Shattered Dimensions,2010,Action,Activision,0.24,0.09,0,0.03,0.36
BlazBlue: Calamity Trigger,2009,Fighting,PQube,0.21,0.08,0.04,0.03,0.36
Tropico 4,N/A,Strategy,Kalypso Media,0.2,0.13,0,0.03,0.36
Kinectimals: Now with Bears!,2011,Misc,Microsoft Game Studios,0.27,0.06,0,0.03,0.36
Just Dance 2016,2015,Misc,Ubisoft,0.23,0.1,0,0.03,0.36
EA Sports MMA,2010,Fighting,Electronic Arts,0.23,0.1,0,0.03,0.36
Tekken Tag Tournament 2,2012,Fighting,Namco Bandai Games,0.19,0.12,0.01,0.03,0.35
Terminator Salvation,2009,Shooter,Warner Bros. Interactive Entertainment,0.13,0.18,0,0.04,0.35
Supreme Commander 2,2010,Strategy,Square Enix,0.23,0.1,0,0.03,0.35
WWE All Stars,2011,Fighting,THQ,0.18,0.14,0,0.03,0.35
MotoGP 08,2008,Racing,Capcom,0.11,0.2,0,0.04,0.35
Def Jam Icon,2007,Action,Electronic Arts,0.3,0.01,0,0.03,0.35
UEFA Euro 2008 Austria-Switzerland,2008,Sports,Electronic Arts,0.08,0.23,0,0.03,0.35
F.E.A.R.,2006,Shooter,Vivendi Games,0.28,0.03,0,0.03,0.34
Tenchu Z,2006,Action,Microsoft Game Studios,0.27,0.02,0.02,0.03,0.34
Harry Potter and the Deathly Hallows - Part 2,2011,Action,Electronic Arts,0.19,0.12,0,0.03,0.34
LEGO Marvel's Avengers,2016,Action,Warner Bros. Interactive Entertainment,0.17,0.15,0,0.03,0.34
Kameo: Elements of Power,2005,Action,Microsoft Game Studios,0.28,0.03,0,0.03,0.34
Jonah Lomu Rugby Challenge,2011,Sports,Home Entertainment Suppliers,0.09,0.21,0,0.04,0.34
Pirates of the Caribbean: At World's End,2007,Action,Disney Interactive Studios,0.29,0.02,0,0.03,0.34
Battlefield: Hardline,2015,Shooter,Electronic Arts,0.17,0.14,0,0.03,0.34
Ninja Blade,2009,Action,Microsoft Game Studios,0.14,0.14,0.02,0.03,0.33
Fracture,2008,Shooter,LucasArts,0.15,0.14,0,0.04,0.33
The King of Fighters XIII,2011,Fighting,Rising Star Games,0.23,0.07,0.01,0.03,0.33
Virtua Tennis 2009,2009,Sports,Sega,0.12,0.18,0,0.03,0.33
Naruto: Rise of a Ninja,2007,Action,Ubisoft,0.29,0.02,0,0.03,0.33
Resonance of Fate,2010,Role-Playing,Sega,0.12,0.13,0.06,0.03,0.33
Silent Hill: Downpour,2012,Action,Konami Digital Entertainment,0.22,0.08,0,0.03,0.33
Battlestations: Pacific,2009,Strategy,Eidos Interactive,0.17,0.12,0.01,0.03,0.33
DECA Sports Freedom,2010,Sports,Hudson Soft,0.27,0.04,0,0.02,0.33
F1 2013,2013,Racing,Codemasters,0.01,0.28,0,0.03,0.33
The Black Eyed Peas Experience,2011,Misc,Ubisoft,0.2,0.1,0,0.03,0.33
Golden Axe: Beast Rider,2008,Action,Sega,0.19,0.11,0,0.03,0.33
"Carnival Games: Monkey See, Monkey Do!",2011,Misc,Take-Two Interactive,0.14,0.16,0,0.03,0.33
Eternal Sonata,2007,Role-Playing,Atari,0.19,0.04,0.08,0.02,0.33
Overlord II,2009,Action,Codemasters,0.15,0.14,0,0.03,0.32
Test Drive Unlimited,2006,Racing,Atari,0.23,0.04,0.02,0.03,0.32
NCAA Basketball 10,2009,Sports,Electronic Arts,0.3,0,0,0.02,0.32
Dead or Alive 5,2012,Fighting,Ubisoft Annecy,0.19,0.08,0.03,0.02,0.32
Beautiful Katamari,2007,Puzzle,Namco Bandai Games,0.14,0.02,0.15,0.02,0.32
Crash of the Titans,2007,Action,Vivendi Games,0.27,0.02,0,0.03,0.32
The Legend of Spyro: Dawn of the Dragon,2008,Platform,Vivendi Games,0.16,0.13,0,0.03,0.32
Prey,2006,Shooter,Take-Two Interactive,0.27,0.03,0,0.03,0.32
Tony Hawk's American Wasteland,2005,Sports,Activision,0.28,0.02,0,0.03,0.32
Sniper Elite 3,2014,Shooter,505 Games,0.16,0.14,0,0.03,0.32
Minute to Win It,2011,Misc,Zoo Games,0.3,0,0,0.02,0.32
Singularity,N/A,Shooter,Unknown,0.24,0.05,0,0.02,0.32
Dance Dance Revolution Universe,2007,Simulation,Konami Digital Entertainment,0.3,0,0,0.02,0.32
Harry Potter and the Half-Blood Prince,2009,Action,Electronic Arts,0.17,0.12,0,0.03,0.32
Clive Barker's Jericho,2007,Shooter,Codemasters,0.28,0.01,0,0.02,0.32
Cabela's Dangerous Hunts 2011,2010,Sports,Activision,0.28,0.01,0,0.02,0.32
Catherine,2011,Adventure,Deep Silver,0.2,0.06,0.03,0.02,0.32
BlazBlue: Continuum Shift,2010,Fighting,PQube,0.23,0.04,0.02,0.02,0.32
Fuel,2009,Racing,Codemasters,0.09,0.19,0,0.04,0.31
Namco Museum: Virtual Arcade,2008,Misc,Atari,0.27,0.01,0.01,0.02,0.31
Dark Void,2010,Action,Capcom,0.19,0.09,0,0.03,0.31
Pro Evolution Soccer 2013,2012,Sports,Konami Digital Entertainment,0.08,0.2,0,0.03,0.31
TRON: Evolution,2010,Action,Disney Interactive Studios,0.24,0.05,0,0.02,0.31
Tiger Woods PGA Tour 06,2005,Sports,Electronic Arts,0.28,0,0,0.02,0.31
Lord of the Rings: Battle for Middle-Earth,2006,Strategy,Electronic Arts,0.28,0,0,0.02,0.31
Magna Carta 2,2009,Role-Playing,Banpresto,0.13,0.08,0.07,0.02,0.3
Alien: Isolation,2014,Shooter,Sega,0.15,0.13,0,0.03,0.3
PowerUp Heroes,2011,Fighting,Ubisoft,0.18,0.1,0,0.03,0.3
NASCAR 2011: The Game,2011,Racing,Activision,0.29,0,0,0.02,0.3
Dynasty Warriors 6,2007,Action,Tecmo Koei,0.15,0.06,0.06,0.02,0.3
Harry Potter and the Order of the Phoenix,2007,Action,Electronic Arts,0.24,0.04,0,0.02,0.3
N3: Ninety-Nine Nights,2006,Action,Microsoft Game Studios,0.2,0.03,0.05,0.02,0.3
Rabbids: Alive & Kicking,2011,Misc,Ubisoft,0.15,0.12,0,0.03,0.3
Spider-Man: Friend or Foe,2007,Action,Activision,0.26,0.02,0,0.02,0.3
Dance Dance Revolution Universe 3,2008,Simulation,Konami Digital Entertainment,0.28,0,0,0.02,0.3
James Bond 007: Legends,2012,Shooter,Activision,0.13,0.14,0,0.03,0.3
Guitar Hero: Van Halen,2009,Misc,Activision,0.16,0.1,0,0.03,0.3
Final Fantasy XI: Wings of the Goddess,2007,Role-Playing,Square Enix,0.25,0,0.02,0.02,0.3
FIFA Street 3,2008,Sports,Electronic Arts,0.12,0.14,0,0.03,0.3
Thief (2014),2014,Action,Square Enix,0.14,0.13,0,0.03,0.3
Mini Ninjas,2009,Action,Eidos Interactive,0.12,0.14,0,0.03,0.29
NieR,2010,Role-Playing,Square Enix,0.13,0.1,0.04,0.02,0.29
The Chronicles of Riddick: Assault on Dark Athena,2009,Shooter,Atari,0.16,0.1,0,0.03,0.29
Up,2009,Action,THQ,0.2,0.07,0,0.03,0.29
NBA Live 06,2005,Sports,Electronic Arts,0.27,0,0,0.02,0.29
Def Jam Rapstar,2010,Misc,Konami Digital Entertainment,0.25,0.03,0,0.02,0.29
Angry Birds Star Wars,2013,Strategy,Activision,0.16,0.11,0,0.03,0.29
Turning Point: Fall of Liberty,2008,Shooter,Codemasters,0.23,0.04,0,0.02,0.29
Fable: The Journey,2012,Role-Playing,Microsoft Game Studios,0.18,0.09,0,0.02,0.29
Operation Flashpoint: Red River,2011,Shooter,Codemasters,0.1,0.15,0.01,0.03,0.29
Transformers: Dark of the Moon,2011,Action,Activision,0.13,0.13,0,0.03,0.29
GRID 2,2013,Racing,Codemasters,0.08,0.17,0,0.03,0.29
Lightning Returns: Final Fantasy XIII,2013,Role-Playing,Square Enix,0.15,0.1,0.01,0.02,0.29
SAW,2009,Action,Konami Digital Entertainment,0.13,0.12,0,0.03,0.29
NASCAR 08,2007,Racing,Electronic Arts,0.26,0,0,0.02,0.29
F1 Race Stars,2012,Racing,Codemasters,0.07,0.18,0,0.03,0.29
Rugby World Cup 2011,2011,Sports,505 Games,0.03,0.21,0,0.04,0.28
DeathSmiles,2009,Shooter,Rising Star Games,0.15,0.06,0.05,0.02,0.28
Monopoly Streets,2010,Misc,Electronic Arts,0.16,0.1,0,0.03,0.28
Chromehounds,2006,Simulation,Sega,0.24,0,0.01,0.02,0.28
Virtua Fighter 5 Online,2007,Fighting,Sega,0.2,0.03,0.03,0.02,0.28
Bionic Commando,2009,Platform,Capcom,0.12,0.12,0.01,0.03,0.28
Cabela's Big Game Hunter 2012,2011,Sports,Activision,0.24,0.02,0,0.02,0.28
FIFA Soccer 07,2006,Sports,Electronic Arts,0.24,0.01,0,0.02,0.28
Dead Rising 2: Off the Record,2011,Action,Capcom,0.17,0.09,0,0.02,0.28
Iron Man 2,2010,Action,Sega,0.15,0.1,0,0.03,0.27
R.U.S.E.,2010,Strategy,Ubisoft,0.12,0.12,0,0.03,0.27
The Club,2008,Shooter,Sega,0.15,0.1,0,0.02,0.27
MotionSports: Adrenaline,2011,Sports,Ubisoft,0.14,0.1,0,0.03,0.27
Gun,N/A,Shooter,Activision,0.24,0.01,0,0.02,0.27
NHL 07,2006,Sports,Electronic Arts,0.25,0.01,0,0.02,0.27
Call of Juarez: The Cartel,2011,Shooter,Ubisoft,0.14,0.11,0,0.03,0.27
Rock Revolution,2008,Misc,Konami Digital Entertainment,0.25,0,0,0.02,0.27
Resident Evil: Revelations,2013,Action,Capcom,0.12,0.11,0.02,0.02,0.27
Dragon Ball: XenoVerse,2015,Fighting,Namco Bandai Games,0.16,0.08,0,0.02,0.27
Section 8,2009,Shooter,SouthPeak Games,0.15,0.09,0,0.03,0.27
Final Fantasy XI: Ultimate Collection,2009,Role-Playing,Square Enix,0.25,0,0,0.02,0.27
Wipeout 2,2011,Misc,Activision,0.25,0,0,0.02,0.27
Ratatouille,2007,Action,THQ,0.23,0.02,0,0.02,0.27
The Incredible Hulk,2008,Action,Sega,0.22,0.03,0,0.02,0.27
The BIGS,2007,Sports,Take-Two Interactive,0.18,0.08,0,0,0.27
Deadly Premonition,2010,Action,Rising Star Games,0.18,0.06,0,0.02,0.27
Cabela's Big Game Hunter 2010,2009,Sports,Activision Value,0.25,0,0,0.02,0.27
Superman Returns,2006,Action,Electronic Arts,0.23,0.02,0,0.02,0.27
Angry Birds Trilogy,2012,Action,Activision,0.18,0.06,0,0.02,0.27
All-Pro Football 2K8,2007,Sports,Take-Two Interactive,0.24,0,0,0.02,0.26
The Crew,2014,Racing,Ubisoft,0.06,0.18,0,0.02,0.26
Battlestations: Midway,2007,Strategy,Eidos Interactive,0.21,0.02,0,0.02,0.26
Plants vs. Zombies,2010,Strategy,PopCap Games,0.24,0,0,0.02,0.26
Tony Hawk: Shred,2010,Sports,Activision,0.17,0.07,0,0.02,0.26
The Amazing Spider-Man 2 (2014),2014,Action,Activision,0.1,0.14,0,0.02,0.26
Game of Thrones,2012,Role-Playing,Focus Home Interactive,0.15,0.08,0,0.02,0.26
F1 2014,2014,Racing,Codemasters,0.08,0.15,0,0.02,0.26
Peter Jackson's King Kong: The Official Game of the Movie,2005,Action,Ubisoft,0.2,0.03,0,0.02,0.26
Army of Two: The Devil's Cartel,2013,Shooter,Electronic Arts,0.16,0.07,0,0.02,0.26
Legendary,2008,Shooter,Atari,0.08,0.15,0,0.03,0.26
Dead or Alive Xtreme 2,2006,Sports,Tecmo Koei,0.15,0.03,0.06,0.02,0.26
NASCAR 09,2008,Racing,Electronic Arts,0.23,0,0,0.02,0.25
Cars,2006,Racing,THQ,0.22,0.02,0,0.02,0.25
Family Guy: Back to the Multiverse,2012,Action,Activision,0.14,0.09,0,0.02,0.25
Kung Fu Panda 2,2011,Action,THQ,0.16,0.07,0,0.02,0.25
Madagascar: Escape 2 Africa,2008,Action,Activision,0.12,0.1,0,0.03,0.25
NHL 08,2007,Action,Electronic Arts,0.22,0.01,0,0.02,0.25
SpongeBob's Truth or Square (US sales),2009,Action,THQ,0.25,0,0,0,0.25
Spider-Man: Edge of Time,2011,Action,Activision,0.18,0.05,0,0.02,0.25
The Outfit,2006,Action,THQ,0.21,0.02,0,0.02,0.25
MotoGP '07,2007,Racing,THQ,0.23,0,0,0.02,0.25
Don King Presents: Prizefighter,2008,Sports,Take-Two Interactive,0.14,0.08,0,0.02,0.25
Bolt,2008,Adventure,Disney Interactive Studios,0.18,0.05,0,0.02,0.25
Far Cry Instincts Predator,2006,Shooter,Ubisoft,0.2,0.03,0,0.02,0.25
Ninja Gaiden 3,2012,Action,Tecmo Koei,0.16,0.05,0.03,0.02,0.25
Armored Core 4,2007,Simulation,505 Games,0.19,0.01,0.03,0.02,0.25
Dreamworks Madagascar Kartz,2009,Racing,Activision,0.14,0.09,0,0.02,0.25
Pro Evolution Soccer 2014,2013,Action,Konami Digital Entertainment,0.06,0.16,0,0.03,0.25
The Adventures of Tintin: The Game,2011,Action,Ubisoft,0.07,0.14,0,0.03,0.25
Dynasty Warriors 7,2011,Action,Tecmo Koei,0.16,0.07,0,0.02,0.24
Command & Conquer 3: Kane's Wrath,2008,Strategy,Electronic Arts,0.16,0.06,0,0.02,0.24
Dreamcast Collection,2011,Misc,Sega,0.16,0.07,0,0.02,0.24
Bakugan: Battle Brawlers,2009,Action,Activision,0.2,0.02,0,0.02,0.24
Cabela's Outdoor Adventures (2009),2009,Sports,Activision Value,0.23,0,0,0.02,0.24
The Godfather (US & Others sales),2006,Action,Electronic Arts,0.2,0.02,0,0.02,0.24
DiRT Showdown,2012,Racing,Codemasters,0.08,0.14,0,0.02,0.24
Divinity II: Ego Draconis,2009,Role-Playing,DTP Entertainment,0.18,0.04,0,0.02,0.24
X-Men: Destiny,2011,Action,Activision,0.18,0.05,0,0.02,0.24
Viva Pinata: Party Animals,2007,Misc,Microsoft Game Studios,0.19,0.03,0,0.02,0.24
Asura's Wrath,2012,Action,Capcom,0.15,0.06,0.01,0.02,0.24
Dynasty Warriors 6 Empires,2009,Action,Tecmo Koei,0.16,0.02,0.04,0.02,0.24
Guitar Hero Live,2015,Misc,Activision,0.12,0.1,0,0.02,0.24
Fallout 3 Game Add-On Pack: Broken Steel and Point Lookout,2009,Role-Playing,Bethesda Softworks,0.16,0.06,0,0.02,0.24
Pictionary: Ultimate Edition,2011,Misc,THQ,0.16,0.05,0,0.02,0.24
G.I. Joe: The Rise of Cobra,2009,Action,Electronic Arts,0.17,0.05,0,0.02,0.24
Afro Samurai,2009,Action,Atari,0.16,0.05,0,0.02,0.24
The Bureau: XCOM Declassified,2013,Shooter,Take-Two Interactive,0.1,0.12,0,0.02,0.24
Virtua Tennis 4,2011,Sports,Sega,0.11,0.1,0.01,0.02,0.23
Vancouver 2010 - The Official Video Game of the Olympic Winter Games,2010,Sports,Sega,0.08,0.13,0,0.03,0.23
Rock Band Country Track Pack,2009,Misc,MTV Games,0.22,0,0,0.02,0.23
NBA 2K6,2005,Action,Take-Two Interactive,0.21,0.01,0,0.02,0.23
Dynasty Warriors: Strikeforce,2009,Action,Tecmo Koei,0.13,0.06,0.02,0.02,0.23
Naruto Shippuden: Ultimate Ninja Storm Revolution,2014,Fighting,Namco Bandai Games,0.13,0.08,0,0.02,0.23
Puss in Boots,2011,Action,THQ,0.2,0.02,0,0.02,0.23
AC/DC LIVE: Rock Band Track Pack,2008,Misc,MTV Games,0.21,0,0,0.02,0.23
Star Trek: The Game,2013,Action,Namco Bandai Games,0.12,0.09,0,0.02,0.22
Teenage Mutant Ninja Turtles: Danger of the Ooze,2014,Adventure,Activision,0.11,0.09,0,0.02,0.22
Tropico 3,2009,Strategy,Kalypso Media,0.15,0.02,0.03,0.02,0.22
Ben 10 Alien Force: Vilgax Attacks,2009,Action,D3Publisher,0.11,0.09,0,0.02,0.22
Hunted: The Demon's Forge,2011,Action,Bethesda Softworks,0.13,0.07,0,0.02,0.22
Yoostar2,2011,Misc,Unknown,0.11,0.09,0,0.02,0.22
NCAA Basketball 09,2008,Sports,Electronic Arts,0.2,0,0,0.02,0.22
Full Auto,2006,Shooter,Sega,0.19,0.01,0,0.02,0.22
Sniper: Ghost Warrior 2,2013,Shooter,City Interactive,0.06,0.13,0,0.02,0.22
Over G Fighters,2006,Simulation,Ubisoft,0.19,0.01,0,0.02,0.22
Armored Core V,2012,Simulation,Namco Bandai Games,0.13,0.03,0.04,0.01,0.22
College Hoops 2K7,2006,Sports,Take-Two Interactive,0.2,0,0,0.02,0.21
Big League Sports,2011,Sports,Activision,0.18,0.02,0,0.01,0.21
NCAA March Madness 08,2007,Sports,Electronic Arts,0.2,0,0,0.02,0.21
The BIGS 2,2009,Sports,Take-Two Interactive,0.19,0.01,0,0.02,0.21
Hannah Montana: The Movie,2009,Adventure,Disney Interactive Studios,0.14,0.06,0,0.02,0.21
50 Cent: Blood on the Sand,2009,Shooter,THQ,0.12,0.07,0,0.02,0.21
Prison Break: The Conspiracy,2010,Action,Deep Silver,0.07,0.12,0,0.02,0.21
Metal Gear Solid V: The Phantom Pain,2015,Action,Konami Digital Entertainment,0.12,0.08,0,0.02,0.21
Hasbro Family Game Night 3,2010,Misc,Electronic Arts,0.17,0.03,0,0.01,0.21
Rayman Raving Rabbids,2007,Misc,Ubisoft,0.18,0.01,0,0.02,0.21
Bass Pro Shops: The Strike,2009,Sports,XS Games,0.2,0,0,0.02,0.21
WipeOut 3 The Game,2012,Action,Activision,0.2,0,0,0.01,0.21
SBK Superbike World Championship,2008,Racing,Black Bean Games,0.06,0.14,0,0.01,0.21
Vampire Rain,2007,Action,Microsoft Game Studios,0.18,0,0.01,0.01,0.21
Way of the Samurai 3,2009,Action,Gamebridge,0.12,0.05,0.02,0.02,0.21
StokEd,2009,Sports,Zushi Games,0.18,0.01,0,0.01,0.21
Greg Hastings Paintball 2,2010,Shooter,Majesco Entertainment,0.19,0,0,0.01,0.21
Dead to Rights: Retribution,2010,Shooter,Namco Bandai Games,0.11,0.08,0,0.02,0.21
NCAA March Madness 07,2007,Sports,Electronic Arts,0.19,0,0,0.02,0.21
CSI: Deadly Intent,2009,Adventure,Ubisoft,0.1,0.08,0,0.02,0.21
You Don't Know Jack,2011,Misc,THQ,0.19,0,0,0.01,0.2
DarkStar One: Broken Alliance,2010,Simulation,Kalypso Media,0.11,0.08,0,0.02,0.2
Dark Messiah of Might and Magic Elements,2008,Role-Playing,Ubisoft,0.16,0.02,0.01,0.02,0.2
Jillian Michaels' Fitness Adventure,2011,Misc,505 Games,0.17,0.02,0,0.01,0.2
Ashes Cricket 2009,2009,Sports,Codemasters,0,0.19,0,0.01,0.2
Ridge Racer 6,2005,Racing,Namco Bandai Games,0.1,0.02,0.07,0.01,0.2
Front Mission Evolved,2010,Shooter,Square Enix,0.1,0.07,0.02,0.02,0.2
Body and Brain Connection,2010,Misc,Namco Bandai Games,0.1,0.08,0,0.02,0.2
Monster Jam,2007,Racing,Activision,0.18,0,0,0.02,0.2
Zone of the Enders HD Collection,2012,Simulation,Konami Digital Entertainment,0.14,0.04,0.01,0.02,0.2
How to Train Your Dragon 2,2014,Adventure,Little Orbit,0.05,0.13,0,0.02,0.2
Soldier of Fortune: Payback,2007,Shooter,Activision,0.18,0.01,0,0.01,0.2
Record of Agarest War,2008,Role-Playing,Compile Heart,0.18,0,0.01,0.01,0.2
Baja: Edge of Control,2008,Racing,THQ,0.12,0.06,0,0.02,0.2
High School Musical 3: Senior Year DANCE!,2008,Misc,Disney Interactive Studios,0.18,0,0,0.01,0.2
Conan,2007,Action,THQ,0.16,0.02,0,0.02,0.2
Warriors Orochi,2007,Action,Tecmo Koei,0.17,0.01,0,0.02,0.2
Silent Hill HD Collection,2012,Action,Konami Digital Entertainment,0.11,0.06,0.01,0.02,0.19
Conflict: Denied Ops,2008,Shooter,Eidos Interactive,0.08,0.09,0,0.02,0.19
Dynasty Warriors: Gundam 2,2008,Action,Namco Bandai Games,0.07,0.03,0.08,0.01,0.19
Enchanted Arms,2006,Role-Playing,Ubisoft,0.16,0.02,0,0.02,0.19
Risen,2009,Role-Playing,Deep Silver,0.07,0.11,0,0.01,0.19
Final Fantasy XI,2006,Role-Playing,Square Enix,0.17,0.01,0,0.01,0.19
DanceMasters,2010,Misc,Konami Digital Entertainment,0.15,0.02,0.02,0.01,0.19
FaceBreaker,2008,Fighting,Electronic Arts,0.15,0.02,0,0.02,0.19
Majin and the Forsaken Kingdom,2010,Adventure,Namco Bandai Games,0.14,0.03,0,0.01,0.19
Binary Domain,2012,Action,Sega,0.09,0.07,0.02,0.02,0.19
SpongeBob's Surf & Skate Roadtrip,2011,Action,THQ,0.15,0.03,0,0.01,0.19
Shadows of the Damned,2011,Action,Electronic Arts,0.1,0.06,0.01,0.02,0.19
Dynasty Warriors Gundam,2007,Action,Namco Bandai Games,0.15,0.01,0.02,0.01,0.19
Zumba Fitness Rush,2012,Sports,505 Games,0,0.16,0,0.02,0.19
Earth Defense Force: Insect Armageddon,2011,Shooter,D3Publisher,0.1,0.05,0.03,0.01,0.19
Star Trek: Legacy,N/A,Simulation,Ubisoft,0.14,0.03,0,0.02,0.19
Grand Slam Tennis 2,2012,Sports,Electronic Arts,0.1,0.07,0,0.02,0.19
SBK X: Superbike World Championship,2010,Racing,Black Bean Games,0.1,0.07,0,0.02,0.19
Call of Juarez,2007,Shooter,Ubisoft,0.14,0.02,0,0.01,0.19
Cabela's Survival: Shadows of Katmai,2011,Sports,Activision,0.14,0.03,0,0.01,0.19
NBA Ballers: Chosen One,2008,Sports,Midway Games,0.17,0,0,0.01,0.19
Syndicate,2012,Shooter,Electronic Arts,0.1,0.06,0,0.02,0.18
Pure Futbol,2010,Sports,Ubisoft,0.08,0.09,0,0.02,0.18
Rock Band Track Pack Volume 2,2008,Misc,MTV Games,0.16,0.01,0,0.01,0.18
Lips: Party Classics,2010,Misc,Microsoft Game Studios,0.05,0.11,0,0.02,0.18
Remember Me,2013,Action,Capcom,0.1,0.07,0,0.02,0.18
Hitman: HD Trilogy,2013,Action,Square Enix,0.07,0.09,0,0.02,0.18
The Chronicles of Narnia: Prince Caspian,2008,Action,Disney Interactive Studios,0.16,0.01,0,0.01,0.18
Ben 10 Ultimate Alien: Cosmic Destruction,2010,Platform,D3Publisher,0.1,0.06,0,0.02,0.18
Backbreaker,N/A,Sports,Unknown,0.17,0,0,0.01,0.18
Splatterhouse,2010,Action,Namco Bandai Games,0.14,0.03,0,0.01,0.18
World of Outlaws: Sprint Cars,2010,Racing,THQ,0.17,0,0,0.01,0.18
Marvel Super Hero Squad: Comic Combat,2011,Action,THQ,0.13,0.04,0,0.01,0.18
Dynasty Warriors: Gundam 3,2010,Action,Tecmo Koei,0.11,0.04,0.02,0.01,0.18
Race Pro,2009,Racing,Atari,0.06,0.09,0,0.02,0.18
Velvet Assassin,2009,Shooter,DTP Entertainment,0.14,0.02,0.01,0.01,0.18
Otomedius Excellent,N/A,Shooter,Unknown,0.13,0,0.04,0.01,0.18
Captain America: Super Soldier,2011,Action,Sega,0.11,0.05,0,0.01,0.18
College Hoops 2K8,2007,Sports,Take-Two Interactive,0.16,0,0,0.01,0.18
FIFA 17,2016,Sports,Electronic Arts,0.03,0.13,0,0.01,0.18
Cabela's Big Game Hunter: Hunting Party,2011,Sports,Activision,0.16,0,0,0.01,0.17
NHL 2K9,2008,Sports,Take-Two Interactive,0.15,0.01,0,0.01,0.17
X-Men: The Official Game,2006,Action,Activision,0.16,0.01,0,0.01,0.17
Top Spin 2,2006,Sports,Take-Two Interactive,0.15,0.01,0,0.01,0.17
N3 II: Ninety-Nine Nights,2010,Action,Microsoft Game Studios,0.06,0.07,0.04,0.01,0.17
The Rise of the Argonauts,2008,Role-Playing,Codemasters,0.03,0.12,0,0.01,0.17
Bee Movie Game,2007,Action,Activision,0.16,0,0,0.01,0.17
Transformer: Rise of the Dark Spark,2014,Action,Activision,0.09,0.07,0,0.02,0.17
Fairytale Fights,2009,Action,Playlogic Game Factory,0.14,0.02,0,0.01,0.17
MotoGP 09/10,2010,Racing,Capcom,0.07,0.09,0,0.02,0.17
CSI: Fatal Conspiracy,2010,Adventure,Ubisoft,0.11,0.04,0,0.01,0.17
Fuzion Frenzy 2,2007,Misc,Microsoft Game Studios,0.14,0.01,0,0.01,0.17
Monsters vs. Aliens,2009,Action,Activision,0.12,0.03,0,0.01,0.17
Country Dance: All Stars,2012,Action,GameMill Entertainment,0.16,0,0,0.01,0.17
Hot Wheels: Beat That!,2007,Racing,Activision,0.15,0,0,0.01,0.17
G-Force,2009,Action,Disney Interactive Studios,0.11,0.05,0,0.01,0.17
Naval Assault: The Killing Tide,2010,Simulation,505 Games,0.08,0.07,0,0.02,0.17
Blood Bowl,2009,Sports,Focus Home Interactive,0.13,0.03,0,0.01,0.17
NASCAR '15,2015,Sports,Deep Silver,0.15,0,0,0.02,0.17
Apache: Air Assault,2010,Simulation,Activision,0.12,0.04,0,0.01,0.17
Anarchy Reigns,2012,Action,Sega,0.11,0.02,0.02,0.01,0.17
Thrillville: Off the Rails,2007,Strategy,LucasArts,0.13,0.02,0,0.01,0.16
Leisure Suit Larry: Box Office Bust,2009,Adventure,Codemasters,0.14,0.01,0,0.01,0.16
El Shaddai: Ascension of the Metatron,2011,Action,Ignition Entertainment,0.07,0.05,0.03,0.01,0.16
Clash of the Titans,2010,Action,Namco Bandai Games,0.08,0.06,0,0.02,0.16
Warriors Orochi 3,2011,Action,Ubisoft Annecy,0.09,0.03,0.03,0.01,0.16
Pro Evolution Soccer 2015,2014,Sports,Konami Digital Entertainment,0.05,0.1,0,0.01,0.16
Grease Dance,2011,Misc,505 Games,0.11,0.03,0,0.01,0.16
NASCAR '14,2014,Racing,Deep Silver,0.15,0,0,0.01,0.16
World Series of Poker: Tournament of Champions 2007 Edition,2006,Misc,Activision,0.15,0,0,0.01,0.16
Culdcept SAGA,2006,Role-Playing,Namco Bandai Games,0.12,0,0.03,0.01,0.16
Sherlock Holmes vs. Jack the Ripper,2009,Adventure,Focus Home Interactive,0.11,0.04,0,0.01,0.16
Blitz: The League,2006,Sports,Midway Games,0.15,0,0,0.01,0.16
Shaun White Skateboarding,2010,Sports,Ubisoft,0.1,0.05,0,0.01,0.16
Amped 3,2005,Sports,Take-Two Interactive,0.13,0.02,0,0.01,0.16
Dynasty Warriors 8,2013,Action,Tecmo Koei,0.09,0.05,0,0.01,0.16
Just Dance: Disney Party,2012,Misc,Ubisoft,0.13,0.02,0,0.01,0.16
"BCFX: The Black College Football Xperience, The Doug Williams Edition",2009,Sports,Aspyr,0.15,0,0,0.01,0.16
Saw II: Flesh & Blood,2010,Action,Konami Digital Entertainment,0.1,0.04,0,0.01,0.16
Birds of Steel,2012,Simulation,Konami Digital Entertainment,0.11,0.04,0,0.01,0.16
Fist of the North Star: Ken's Rage,2010,Action,Ubisoft Annecy,0.07,0.02,0.06,0.01,0.16
Jurassic Park: The Game,N/A,Action,Unknown,0.15,0,0,0.01,0.16
FIFA 06: Road to FIFA World Cup,2005,Sports,Electronic Arts,0.11,0.02,0.01,0.01,0.15
de Blob 2,2011,Platform,THQ,0.1,0.04,0,0.01,0.15
Chaotic: Shadow Warriors,2009,Action,Activision,0.14,0,0,0.01,0.15
Stormrise,2009,Strategy,Sega,0.11,0.03,0,0.01,0.15
Metal Gear Solid V: Ground Zeroes,2014,Action,Konami Digital Entertainment,0.07,0.06,0.01,0.01,0.15
Cars: Race-O-Rama,2009,Racing,THQ,0.14,0.01,0,0.01,0.15
Project Sylpheed: Arc of Deception,2006,Shooter,Microsoft Game Studios,0.12,0.01,0.02,0.01,0.15
Marvel Super Hero Squad: The Infinity Gauntlet,2010,Action,THQ,0.12,0.02,0,0.01,0.15
The Cursed Crusade,2011,Action,DTP Entertainment,0.08,0.05,0,0.01,0.15
Final Fantasy XI: Vana'diel Collection 2008,2007,Role-Playing,Square Enix,0.13,0,0.01,0.01,0.15
Earth Defense Force 2025,2013,Shooter,D3Publisher,0.06,0.04,0.05,0.01,0.15
Rock Band: Metal Track Pack,2009,Misc,MTV Games,0.14,0,0,0.01,0.15
Armored Core: For Answer,2008,Simulation,Ubisoft,0.06,0.01,0.07,0.01,0.15
Kung-Fu: High Impact,2011,Action,Black Bean Games,0.08,0.06,0,0.01,0.15
NHL 2K10,2009,Sports,Take-Two Interactive,0.11,0.02,0,0.01,0.15
Thor: God of Thunder,2011,Action,Sega,0.09,0.04,0,0.01,0.15
Risen 2: Dark Waters,2012,Role-Playing,Deep Silver,0.05,0.08,0,0.01,0.15
Bakugan Battle Brawlers: Defenders of the Core,2010,Action,Activision,0.11,0.02,0,0.01,0.15
Cars: Mater-National Championship,2007,Racing,THQ,0.13,0,0,0.01,0.15
Adrenalin Misfits,2010,Racing,Konami Digital Entertainment,0.12,0.02,0,0.01,0.14
Just Cause,2006,Action,Eidos Interactive,0.1,0.03,0.01,0.01,0.14
Blazing Angels 2: Secret Missions of WWII,2007,Simulation,Ubisoft,0.11,0.02,0,0.01,0.14
X-Blades,2009,Action,SouthPeak Games,0.1,0.02,0.02,0.01,0.14
How to Train Your Dragon,2010,Action,Activision,0.11,0.02,0,0.01,0.14
International Cricket 2010,2010,Sports,Codemasters,0,0.12,0,0.02,0.14
Heroes over Europe,2009,Simulation,Ubisoft,0.1,0.03,0,0.01,0.14
Eragon,2006,Action,Vivendi Games,0.12,0.01,0,0.01,0.14
Lips: I Love The 80s,2010,Misc,Microsoft Game Studios,0,0.12,0,0.02,0.14
Create,2010,Action,Electronic Arts,0.1,0.03,0,0.01,0.14
Karaoke Revolution Glee: Volume 3,2011,Misc,Konami Digital Entertainment,0.13,0,0,0.01,0.14
NCIS,2011,Adventure,Ubisoft,0.1,0.03,0,0.01,0.14
Cabela's African Safari,2006,Sports,Activision Value,0.13,0,0,0.01,0.14
The History Channel: Civil War - A Nation Divided,2006,Shooter,Activision,0.13,0,0,0.01,0.14
Bejeweled 3,N/A,Puzzle,Unknown,0.13,0,0,0.01,0.14
Let's Cheer,2011,Misc,Take-Two Interactive,0.12,0,0,0.01,0.14
Avatar: The Last Airbender - The Burning Earth,2007,Action,THQ,0.11,0.01,0,0.01,0.14
MotoGP '06,2006,Racing,THQ,0.11,0.01,0,0.01,0.14
Scene It? Bright Lights! Big Screen!,2009,Misc,Warner Bros. Interactive Entertainment,0.12,0,0,0.01,0.14
Divinity II: The Dragon Knight Saga,2010,Role-Playing,Focus Home Interactive,0.11,0.02,0,0.01,0.14
NHL 2K8,2007,Sports,Take-Two Interactive,0.11,0.01,0,0.01,0.13
Hulk Hogan's Main Event,2011,Fighting,505 Games,0.1,0.02,0,0.01,0.13
Rumble Roses XX,2006,Fighting,Konami Digital Entertainment,0.07,0.01,0.04,0.01,0.13
Venetica,2010,Role-Playing,DTP Entertainment,0.09,0.03,0,0.01,0.13
History Civil War: Secret Missions,2008,Shooter,Activision,0.12,0,0,0.01,0.13
Fatal Inertia,2007,Racing,Tecmo Koei,0.12,0,0,0.01,0.13
Persona 4: Arena,2012,Fighting,Atlus,0.08,0.02,0.03,0.01,0.13
Destroy All Humans! Path of the Furon,2008,Action,THQ,0.08,0.04,0,0.01,0.13
Cabela's Dangerous Hunts 2009,2008,Sports,Activision,0.12,0,0,0.01,0.13
The Smurfs 2,2013,Platform,Ubisoft,0.03,0.09,0,0.01,0.13
Steel Battalion: Heavy Armor,2012,Misc,Capcom,0.08,0.03,0.02,0.01,0.13
Cabela's Alaskan Adventure,2006,Sports,Activision,0.12,0,0,0.01,0.13
Rango: The Video Game,2011,Action,Electronic Arts,0.06,0.06,0,0.01,0.13
The History Channel: Great Battles - Medieval,2010,Strategy,Slitherine Software,0.08,0.04,0,0.01,0.13
Nicktoons: MLB,2011,Sports,Take-Two Interactive,0.12,0,0,0.01,0.13
Green Lantern: Rise of the Manhunters,2011,Action,Warner Bros. Interactive Entertainment,0.07,0.05,0,0.01,0.13
Borderlands: Double Game Add-On Pack,2010,Shooter,Take-Two Interactive,0.1,0.02,0,0.01,0.13
Onechanbara: Bikini Samurai Squad,2006,Action,D3Publisher,0.11,0.01,0,0.01,0.13
Hour of Victory,2007,Shooter,Midway Games,0.1,0.01,0,0.01,0.13
Monster Hunter Frontier Online,2010,Role-Playing,Capcom,0,0,0.13,0,0.13
Fuse (Insomniac),2013,Shooter,Electronic Arts,0.08,0.04,0,0.01,0.13
Pro Evolution Soccer 2016,2015,Sports,Konami Digital Entertainment,0.04,0.08,0,0.01,0.13
Dynasty Warriors 5 Empires,2006,Action,Tecmo Koei,0.11,0.01,0,0.01,0.13
Ice Age: Dawn of the Dinosaurs,2009,Action,Activision,0.09,0.03,0,0.01,0.13
Deepak Chopra's Leela,2011,Misc,THQ,0.07,0.05,0,0.01,0.13
Twister Mania,2011,Misc,505 Games,0.1,0.01,0,0.01,0.13
Victorious: Time to Shine,2011,Action,D3Publisher,0.12,0,0,0.01,0.13
Eat Lead: The Return of Matt Hazard,2009,Shooter,D3Publisher,0.1,0.01,0,0.01,0.13
Jurassic: The Hunted,2009,Shooter,Activision,0.12,0,0,0.01,0.13
SCORE International Baja 1000: The Official Game,2008,Racing,Activision,0.11,0.01,0,0.01,0.12
WRC: FIA World Rally Championship,N/A,Racing,Black Bean Games,0,0.1,0,0.02,0.12
Blackwater,2011,Shooter,505 Games,0.09,0.02,0,0.01,0.12
Karaoke Revolution,2009,Misc,Konami Digital Entertainment,0.12,0,0,0.01,0.12
Are You Smarter than a 5th Grader? Game Time,2009,Puzzle,THQ,0.12,0,0,0.01,0.12
Megamind: Ultimate Showdown,2010,Action,THQ,0.07,0.04,0,0.01,0.12
NPPL: Championship Paintball 2009,2008,Shooter,Activision Value,0.1,0.01,0,0.01,0.12
Lost Planet 3,2013,Shooter,Capcom,0.07,0.04,0.01,0.01,0.12
Dance Paradise,2010,Misc,Mindscape,0.1,0.01,0,0.01,0.12
Killer is Dead,2013,Action,Deep Silver,0.08,0.02,0.01,0.01,0.12
Grand Theft Auto: San Andreas,2008,Action,Take-Two Interactive,0.08,0.03,0,0.01,0.12
Phantasy Star Universe,2006,Role-Playing,Sega,0.09,0.02,0,0.01,0.12
NASCAR Unleashed,2011,Racing,Activision,0.11,0,0,0.01,0.12
College Hoops 2K6,2006,Sports,Take-Two Interactive,0.11,0,0,0.01,0.12
Pinball Hall of Fame: The Williams Collection,2009,Misc,Crave Entertainment,0.11,0,0,0.01,0.12
Backyard Sports Football: Rookie Rush,2010,Sports,Atari,0.11,0,0,0.01,0.12
Monster Jam: Path of Destruction,2010,Racing,Activision,0.11,0,0,0.01,0.12
Power Gig: Rise of the SixString,2010,Misc,Unknown,0.11,0,0,0.01,0.12
The Walking Dead: Season Two,2014,Adventure,Telltale Games,0.04,0.07,0,0.01,0.12
Self-Defense Training Camp,2011,Sports,Ubisoft,0.08,0.03,0,0.01,0.12
Raiden IV,2008,Shooter,Moss,0.1,0,0.01,0.01,0.12
Ridge Racer Unbounded,2012,Racing,Namco Bandai Games,0.05,0.05,0,0.01,0.12
2 in 1 Combo Pack: Sonic Heroes / Super Monkey Ball Deluxe,2013,Misc,Ubisoft,0.09,0.01,0,0.01,0.12
Fantastic Four: Rise of the Silver Surfer,2007,Action,Take-Two Interactive,0.1,0.01,0,0.01,0.12
Warhammer: Battle March,2008,Strategy,Deep Silver,0.09,0.02,0,0.01,0.11
Nickelodeon Dance,2011,Misc,Take-Two Interactive,0.08,0.02,0,0.01,0.11
Monster Madness: Battle for Suburbia,2007,Shooter,SouthPeak Games,0.1,0,0,0.01,0.11
NFL Head Coach 09,2008,Sports,Electronic Arts,0.11,0,0,0.01,0.11
Blood Drive,2010,Racing,Activision,0.09,0.01,0,0.01,0.11
The King of Fighters XII,2009,Fighting,Ignition Entertainment,0.09,0,0.01,0.01,0.11
Bodycount,2011,Shooter,Codemasters,0.07,0.03,0,0.01,0.11
The Price is Right: Decades,2011,Misc,Ubisoft,0.11,0,0,0.01,0.11
Open Season,2006,Platform,Ubisoft,0.1,0,0,0.01,0.11
Pac-Man and the Ghostly Adventures 2,2014,Adventure,Namco Bandai Games,0.05,0.05,0,0.01,0.11
Where the Wild Things Are,2009,Platform,Warner Bros. Interactive Entertainment,0.1,0,0,0.01,0.11
Truth or Lies,2010,Misc,THQ,0.07,0.03,0,0.01,0.11
Space Chimps,2008,Platform,Brash Entertainment,0.1,0,0,0.01,0.11
The Spiderwick Chronicles,2008,Action,Vivendi Games,0.09,0.01,0,0.01,0.11
Smash Court Tennis 3,2007,Sports,Atari,0.08,0.02,0,0.01,0.11
Karaoke Revolution Presents American Idol Encore,2008,Misc,Konami Digital Entertainment,0.1,0,0,0.01,0.11
FlatOut: Ultimate Carnage,2007,Racing,Empire Interactive,0.07,0.03,0,0.01,0.11
The Penguins of Madagascar: Dr. Blowhole Returns - Again!,2011,Action,THQ,0.07,0.03,0,0.01,0.11
Night at the Museum: Battle of the Smithsonian,2009,Action,Majesco Entertainment,0.07,0.03,0,0.01,0.11
Michael Phelps: Push the Limit,2011,Sports,505 Games,0.09,0.01,0,0.01,0.11
Planet 51,2009,Action,Sega,0.07,0.03,0,0.01,0.11
Pimp My Ride,2006,Racing,Activision,0.1,0.01,0,0.01,0.11
Backyard NFL Football '10,2009,Sports,Atari,0.1,0,0,0.01,0.11
Hole in the Wall: Deluxe Edition,2011,Misc,Ubisoft,0.1,0,0,0.01,0.11
Rogue Warrior,2009,Shooter,Bethesda Softworks,0.09,0.01,0,0.01,0.11
Hellboy: The Science of Evil,2008,Action,Konami Digital Entertainment,0.1,0,0,0.01,0.11
Murdered: Soul Suspect,2014,Action,Square Enix,0.06,0.04,0,0.01,0.11
Tetris Evolution,2007,Puzzle,THQ,0.08,0.02,0,0.01,0.11
Blades of Time,2012,Action,Konami Digital Entertainment,0.07,0.03,0,0.01,0.11
Cabela's North American Adventures,2010,Sports,Activision,0.1,0,0,0.01,0.11
Lego Star Wars: The Force Awakens,2016,Action,Warner Bros. Interactive Entertainment,0.04,0.06,0,0.01,0.11
The First Templar,2011,Action,Kalypso Media,0.06,0.04,0,0.01,0.11
Winning Eleven: Pro Evolution Soccer 2007,2006,Sports,Konami Digital Entertainment,0.09,0,0,0.01,0.1
Family Feud: 2012 Edition,2011,Misc,Ubisoft,0.1,0,0,0.01,0.1
Universe at War: Earth Assault,2008,Action,Sega,0.09,0.01,0,0.01,0.1
Castlevania: Lords of Shadow 2,2014,Action,Konami Digital Entertainment,0.02,0.07,0,0.01,0.1
Shrek: Forever After,2010,Platform,Activision,0.09,0,0,0.01,0.1
Blitz: The League II,2008,Sports,Midway Games,0.08,0.01,0,0.01,0.1
Surf's Up,2007,Sports,Ubisoft,0.09,0,0,0.01,0.1
Fallout 3 Game Add-On Pack: The Pitt and Operation: Anchorage,2009,Role-Playing,Bethesda Softworks,0.09,0.01,0,0.01,0.1
Cabela's Adventure Camp,2011,Misc,Activision,0.07,0.02,0,0.01,0.1
GRID Autosport,2014,Racing,Codemasters,0.03,0.06,0,0.01,0.1
Alvin and the Chipmunks: Chipwrecked,2011,Misc,505 Games,0.08,0.01,0,0.01,0.1
NASCAR The Game: Inside Line,2012,Racing,Activision,0.09,0,0,0.01,0.1
NFL Tour,2008,Sports,Electronic Arts,0.09,0,0,0.01,0.1
Bullet Witch,2006,Shooter,Atari,0.07,0.01,0.02,0.01,0.1
nail'd,2010,Racing,Deep Silver,0.08,0.02,0,0.01,0.1
Record of Agarest War Zero,2010,Strategy,Compile Heart,0.09,0,0,0.01,0.1
NHL 2K6,2005,Sports,Take-Two Interactive,0.09,0,0,0.01,0.1
NeverDead,2012,Shooter,Konami Digital Entertainment,0.06,0.03,0,0.01,0.1
Happy Feet Two,N/A,Action,Warner Bros. Interactive Entertainment,0.08,0.01,0,0.01,0.1
CSI: Hard Evidence,2007,Adventure,Ubisoft,0.07,0.02,0,0.01,0.1
Little League World Series Baseball 2010,2010,Sports,Activision,0.09,0,0,0.01,0.1
Arcania: Gothic 4,2010,Role-Playing,JoWood Productions,0.03,0.04,0.01,0.01,0.1
Ben 10 Galactic Racing,2011,Racing,D3Publisher,0.07,0.02,0,0.01,0.1
Rio,2011,Misc,THQ,0.05,0.03,0,0.01,0.1
Winter Stars,2011,Sports,Deep Silver,0.05,0.04,0,0.01,0.1
Zoo Tycoon (2013),2013,Simulation,Microsoft Game Studios,0.02,0.07,0,0.01,0.1
Disney Sing It! High School Musical 3: Senior Year,2009,Misc,Disney Interactive Studios,0.09,0,0,0.01,0.1
Watchmen: The End is Nigh Part 1 & 2,2009,Action,Warner Bros. Interactive Entertainment,0.09,0,0,0.01,0.1
MySims SkyHeroes,2010,Action,Electronic Arts,0.09,0,0,0.01,0.1
Man vs. Wild,2011,Action,Crave Entertainment,0.09,0,0,0.01,0.1
Who Wants to Be A Millionaire?,2011,Misc,Ubisoft,0.09,0,0,0.01,0.1
Bladestorm: The Hundred Years' War,2007,Action,Tecmo Koei,0.08,0.01,0,0.01,0.1
MindJack,2011,Shooter,Square Enix,0.07,0.02,0,0.01,0.1
The X-Factor,2010,Misc,Deep Silver,0,0.08,0,0.01,0.09
Darkest of Days,2009,Shooter,Phantom EFX,0.09,0,0,0.01,0.09
Raven Squad: Operation Hidden Dagger,2009,Shooter,Evolved Games,0.08,0.01,0,0.01,0.09
Field & Stream: Total Outdoorsman Challenge,2010,Sports,505 Games,0.09,0,0,0.01,0.09
Raiden Fighters Aces,2008,Shooter,Valcon Games,0.06,0.03,0,0.01,0.09
Adventure Time: Finn & Jake Investigations,2015,Action,Little Orbit,0.02,0.06,0,0.01,0.09
Backyard Sports: Sandlot Sluggers,2010,Sports,Atari,0.09,0,0,0.01,0.09
Import Tuner Challenge (American sales),2006,Racing,Ubisoft,0.07,0.01,0,0.01,0.09
Transformers: Devastation,2015,Action,Activision,0.06,0.02,0,0.01,0.09
JASF: Jane's Advanced Strike Fighters,2011,Simulation,Deep Silver,0.06,0.02,0,0.01,0.09
Jimmie Johnson's Anything With an Engine,2011,Racing,Konami Digital Entertainment,0.08,0,0,0.01,0.09
Quantum Theory,2010,Shooter,Tecmo Koei,0.06,0.02,0,0.01,0.09
Bass Pro Shops: The Hunt,2010,Sports,Griffin International,0.08,0,0,0.01,0.09
Supreme Commander,2008,Strategy,505 Games,0.07,0.01,0,0.01,0.09
MotoGP 14,2014,Racing,Milestone S.r.l.,0.04,0.04,0,0.01,0.09
Zoids Assault,2007,Strategy,Takara Tomy,0.08,0,0,0.01,0.09
Karaoke Revolution Presents American Idol Encore 2,2008,Misc,Konami Digital Entertainment,0.08,0,0,0.01,0.09
Deadliest Catch: Sea of Chaos,2010,Sports,Crave Entertainment,0.08,0,0,0.01,0.09
Resident Evil: Revelations 2,2015,Action,Capcom,0.04,0.04,0,0.01,0.09
Battle Fantasia,2008,Fighting,505 Games,0.07,0,0.01,0.01,0.09
ShellShock 2: Blood Trails,2009,Shooter,Eidos Interactive,0.05,0.03,0,0.01,0.09
F.E.A.R. Files,2007,Shooter,Vivendi Games,0.07,0.01,0,0.01,0.09
SpongeBob: HeroPants,2015,Platform,Activision,0.08,0,0,0.01,0.09
Spectral Force 3,2006,Role-Playing,Idea Factory,0.08,0,0,0.01,0.09
Escape Dead Island,2014,Action,Deep Silver,0.03,0.05,0,0.01,0.09
Adventure Time: The Secret of the Nameless Kingdom,2014,Action,Little Orbit,0,0.08,0,0.01,0.09
Cloudy With a Chance of Meatballs,2009,Platform,Ubisoft,0.07,0.01,0,0.01,0.09
America's Army: True Soldiers,2007,Shooter,Ubisoft,0.08,0,0,0.01,0.08
MX vs. ATV Supercross,2014,Racing,Nordic Games,0.03,0.05,0,0.01,0.08
Risen 3: Titan Lords,2014,Role-Playing,Deep Silver,0.02,0.06,0,0.01,0.08
Air Conflicts: Secret Wars,2011,Simulation,bitComposer Games,0.06,0.02,0,0.01,0.08
PAC-MAN and the Ghostly Adventures,2013,Platform,Namco Bandai Games,0.04,0.03,0,0.01,0.08
Konami Classics Vol. 1,2009,Misc,Konami Digital Entertainment,0.08,0,0,0.01,0.08
NHL 2K7,2006,Sports,Take-Two Interactive,0.07,0,0,0.01,0.08
Get Fit with Mel B,N/A,Sports,Black Bean Games,0,0.07,0,0.01,0.08
Supremacy MMA,2011,Fighting,505 Games,0.05,0.03,0,0.01,0.08
Adventure Time: Explore the Dungeon Because I Don't Know!,2013,Action,D3Publisher,0.03,0.04,0,0.01,0.08
Tornado Outbreak,2009,Action,Konami Digital Entertainment,0.07,0,0,0.01,0.08
DanceDanceRevolution,2011,Simulation,Konami Digital Entertainment,0.08,0,0,0.01,0.08
Steins;Gate: Hiyoku Renri no Darling,2011,Adventure,5pb,0,0,0.08,0,0.08
Looney Tunes: Acme Arsenal,2007,Action,Warner Bros. Interactive Entertainment,0.06,0.01,0,0.01,0.08
Samurai Shodown Sen,2009,Fighting,Rising Star Games,0.07,0.01,0,0.01,0.08
Qubed,2009,Puzzle,Atari,0.07,0,0,0.01,0.08
Knights Contract,2011,Action,Namco Bandai Games,0.05,0.03,0,0.01,0.08
Earth Defense Force 2017,2006,Action,D3Publisher,0.04,0.01,0.03,0,0.08
Persona 4: Arena Ultimax,2014,Fighting,Atlus,0.06,0.01,0,0.01,0.08
Disney's Meet the Robinsons,2007,Action,Disney Interactive Studios,0.07,0,0,0.01,0.08
Dragon Ball Z: Battle of Z,2014,Fighting,Namco Bandai Games,0.01,0.06,0,0.01,0.08
World Series of Poker 2008: Battle for the Bracelets,2007,Misc,Activision,0.06,0.01,0,0.01,0.08
Madden NFL 17,2016,Sports,Electronic Arts,0.06,0.01,0,0.01,0.08
The Voice,2014,Action,Activision,0.07,0,0,0.01,0.08
Samurai Warriors 2,2006,Action,Tecmo Koei,0.07,0.01,0,0.01,0.08
The Idolm@ster,2007,Simulation,Namco Bandai Games,0,0,0.08,0,0.08
Infernal: Hell's Vengeance,2009,Shooter,Playlogic Game Factory,0.06,0.01,0,0.01,0.08
Family Game Night 4: The Game Show,2011,Misc,Electronic Arts,0.07,0,0,0.01,0.08
Legend of the Guardians: The Owls of Ga'Hoole,2010,Action,Warner Bros. Interactive Entertainment,0.06,0.01,0,0.01,0.08
WRC 2: FIA World Rally Championship,2011,Racing,Ubisoft,0,0.06,0,0.01,0.08
Winter Sports 2: The Next Challenge,2008,Sports,RTL,0.06,0.01,0,0.01,0.07
The Idolm@ster: Live for You!,2008,Misc,Namco Bandai Games,0,0,0.07,0,0.07
Tropico 5,2014,Simulation,Kalypso Media,0.03,0.04,0,0.01,0.07
SpongeBob's Truth or Square,2009,Action,THQ,0.03,0.04,0,0,0.07
Kengo: Legend of The 9,2006,Fighting,Majesco Entertainment,0.06,0.01,0,0.01,0.07
Damage Inc.: Pacific Squadron WWII,2012,Simulation,Mad Catz,0.07,0,0,0.01,0.07
Cartoon Network: Punch Time Explosion XL,2011,Fighting,Crave Entertainment,0.07,0,0,0,0.07
Just Dance: Disney Party 2,2015,Action,Ubisoft,0.05,0.01,0,0.01,0.07
Fantasia: Music Evolved,2014,Misc,Disney Interactive Studios,0.05,0.01,0,0.01,0.07
Operation Darkness,2007,Role-Playing,Success,0.07,0,0,0,0.07
Damnation,2009,Shooter,Codemasters,0.06,0.01,0,0.01,0.07
Rock Band Track Pack: Classic Rock,2009,Misc,MTV Games,0.07,0,0,0.01,0.07
Bionicle Heroes,2006,Shooter,Eidos Interactive,0.05,0.01,0,0.01,0.07
Zumba Fitness Core,2012,Misc,505 Games,0,0.06,0,0.01,0.07
MLB Front Office Manager,2009,Sports,Take-Two Interactive,0.06,0,0,0.01,0.07
Ultimate Marvel vs. Capcom 3,2011,Fighting,Capcom,0,0.03,0.04,0,0.07
Xbox Live Arcade Unplugged Volume 1,2006,Misc,Microsoft Game Studios,0.05,0.01,0,0.01,0.07
Yoostar on MTV,N/A,Misc,Unknown,0.06,0,0,0,0.07
Tony Hawk's Pro Skater 5,2015,Sports,Activision,0.06,0,0,0.01,0.07
SBK 2011: FIM Superbike World Championship,2011,Racing,Black Bean Games,0,0.06,0,0.01,0.07
National Geographic Challenge!,N/A,Misc,Unknown,0.06,0,0,0,0.07
Mayhem 3D,2011,Racing,Evolved Games,0.06,0,0,0,0.07
Dream C Club,2009,Simulation,D3Publisher,0,0,0.07,0,0.07
Hasbro Family Game Night Fun Pack,2011,Misc,Electronic Arts,0.06,0,0,0,0.07
Port Royale 3,N/A,Simulation,Kalypso Media,0.06,0,0,0,0.07
Motion Explosion!,2011,Misc,505 Games,0.05,0.01,0,0,0.06
Fist of the North Star: Ken's Rage 2,2012,Fighting,Tecmo Koei,0.03,0.01,0.02,0,0.06
Sherlock Holmes: Crimes & Punishments,2014,Adventure,Focus Home Interactive,0.03,0.03,0,0.01,0.06
Generator Rex: Agent of Providence,2011,Action,Activision,0.05,0.01,0,0,0.06
Monkey Island: Special Edition Collection,2011,Adventure,Activision,0,0.05,0,0.01,0.06
Steins;Gate,2009,Adventure,5pb,0,0,0.06,0,0.06
MotoGP 10/11,2011,Racing,Capcom,0,0.05,0,0.01,0.06
DreamWorks Super Star Kartz,2011,Racing,Activision,0.05,0.01,0,0,0.06
Akai Katana Shin,2011,Shooter,Cave,0.04,0,0.01,0,0.06
Champion Jockey: G1 Jockey & Gallop Racer,2011,Sports,Tecmo Koei,0,0.05,0,0.01,0.06
Inversion,2012,Shooter,Namco Bandai Games,0.03,0.02,0,0.01,0.06
Cabela's Big Game Hunter (2008),2007,Sports,Activision Value,0.06,0,0,0,0.06
Digimon All-Star Rumble,2014,Fighting,Namco Bandai Games,0.04,0.01,0,0.01,0.06
Top Gun: Hard Lock,2012,Action,505 Games,0.03,0.02,0,0,0.06
Sacred 3,2014,Role-Playing,Deep Silver,0.03,0.03,0,0.01,0.06
Jumper: Griffin's Story,2008,Action,Eidos Interactive,0.05,0,0,0,0.06
Call of Duty: The War Collection,2010,Shooter,Activision,0.05,0,0,0,0.06
Warriors Orochi 2,2008,Action,Tecmo Koei,0.04,0,0.01,0,0.06
The History Channel: Battle for the Pacific,2007,Shooter,Activision,0.05,0,0,0,0.06
Brave: A Warrior's Tale,2009,Action,SouthPeak Games,0.05,0.01,0,0,0.06
Warriors: Legends of Troy,2011,Action,Tecmo Koei,0,0.04,0.01,0.01,0.06
Ride to Hell,2013,Racing,Deep Silver,0.04,0.01,0,0,0.06
Mobile Ops: The One Year War,N/A,Simulation,Namco Bandai Games,0,0,0.06,0,0.06
The Lord of the Rings: The Battle for Middle-Earth II,2006,Strategy,Electronic Arts,0,0.05,0,0.01,0.06
Hail to the Chimp,2008,Misc,Gamecock,0.05,0,0,0,0.06
NHL Legacy,2015,Action,Electronic Arts,0.05,0,0,0.01,0.05
NBA 2K17,2016,Sports,Take-Two Interactive,0.04,0,0,0.01,0.05
Arcana Heart 3,2011,Fighting,PQube,0,0.03,0.02,0,0.05
Rugby 15,2015,Sports,Bigben Interactive,0,0.05,0,0,0.05
Tour de France 2011,N/A,Racing,Focus Home Interactive,0,0.05,0,0.01,0.05
DoDonPachi Resurrection,2010,Shooter,Rising Star Games,0,0.05,0,0.01,0.05
UEFA Champions League 2006-2007,2007,Sports,Electronic Arts,0.04,0.01,0,0,0.05
The Idolmaster 2,2011,Simulation,Namco Bandai Games,0,0,0.05,0,0.05
Lucha Libre AAA: Heroes del Ring,2010,Fighting,Konami Digital Entertainment,0.05,0,0,0,0.05
MorphX,2010,Shooter,505 Games,0.05,0,0,0,0.05
Enemy Front,2014,Shooter,Namco Bandai Games,0.02,0.03,0,0,0.05
Lips: Deutsche Partyknaller,2009,Misc,Microsoft Game Studios,0,0.04,0,0.01,0.05
Yaiba: Ninja Gaiden Z,2014,Action,Tecmo Koei,0.03,0.02,0,0,0.05
Nike+ Kinect Training,2012,Sports,Microsoft Game Studios,0.02,0.02,0,0,0.05
Virtua Tennis 3,2007,Sports,Sega,0.03,0.02,0,0,0.05
Secret Service,2008,Action,Activision Value,0.04,0,0,0,0.05
Deadliest Catch: Alaskan Storm,2008,Sports,Navarre Corp,0.04,0,0,0,0.05
Rock Band Country Track Pack 2,2011,Misc,MTV Games,0.04,0,0,0,0.05
Forza Motorsport 3: Ultimate Edition,2010,Racing,Microsoft Game Studios,0,0.04,0,0.01,0.05
Fast & Furious: Showdown,2013,Action,Activision,0,0.04,0,0,0.05
World Championship Poker: Featuring Howard Lederer - All In,2006,Misc,Oxygen Interactive,0.04,0,0,0,0.05
Test Drive: Ferrari Legends,2012,Racing,Atari,0.04,0,0,0,0.05
Rapala Fishing Frenzy 2009,2008,Sports,Activision,0.04,0,0,0,0.05
Rugby World Cup 2015,2015,Sports,Ubisoft,0,0.04,0,0,0.05
Cabela's Trophy Bucks,2007,Sports,Activision Value,0.04,0,0,0,0.05
Rock of the Dead,2010,Shooter,Conspiracy Entertainment,0.04,0,0,0,0.05
SpongeBob SquarePants: Plankton's Robotic Revenge,2013,Shooter,Activision,0.04,0,0,0,0.05
Gray Matter,2011,Adventure,DTP Entertainment,0,0.04,0,0.01,0.05
WSC Real 11: World Snooker Championship,2011,Sports,Koch Media,0,0.04,0,0.01,0.04
WarTech: Senko no Ronde,2006,Fighting,Ubisoft,0.04,0,0,0,0.04
Summer Athletics 2009,2009,Sports,49Games,0,0.04,0,0,0.04
Attack of the Movies 3D,2010,Shooter,Majesco Entertainment,0.04,0,0,0,0.04
The Wolf Among Us,2011,Adventure,Telltale Games,0.01,0.03,0,0,0.04
Deadliest Warrior: Ancient Combat,2012,Fighting,Cloud Imperium Games Corporation,0.04,0,0,0,0.04
PopCap Arcade Vol 1,2007,Puzzle,PopCap Games,0.04,0,0,0,0.04
Gal*Gun,2011,Shooter,Alchemist,0,0,0.04,0,0.04
MLB 2K12 / NBA 2K12 Combo Pack,2012,Sports,Take-Two Interactive,0.04,0,0,0,0.04
Samurai Warriors 2: Empires,2007,Action,Tecmo Koei,0.03,0,0.01,0,0.04
Phantom Breaker,2011,Fighting,5pb,0.02,0,0.02,0,0.04
Bomberman: Act Zero,2006,Puzzle,Konami Digital Entertainment,0.04,0,0,0,0.04
Burnout Paradise: The Ultimate Box,2009,Racing,Electronic Arts,0,0.03,0,0,0.04
Stoked: Big Air Edition,2009,Sports,Namco Bandai Games,0.02,0.02,0,0,0.04
Monster High: New Ghoul in School,2015,Action,Little Orbit,0,0.04,0,0,0.04
Ski-Doo Snowmobile Challenge,2009,Racing,Valcon Games,0.03,0,0,0,0.04
DuckTales: Remastered,2013,Action,Capcom,0.03,0,0,0,0.04
World of Tanks,N/A,Shooter,N/A,0,0.03,0,0,0.04
Monster Hunter Frontier Online: Season 9.0,2010,Role-Playing,Capcom,0,0,0.04,0,0.04
Chaos;Head Noah,2009,Adventure,5pb,0,0,0.04,0,0.04
Espgaluda II Black Label,2010,Shooter,Cave,0,0,0.04,0,0.04
Rapala Tournament Fishing!,2006,Sports,Activision,0.03,0,0,0,0.03
Game of Thrones (Telltale),2015,Adventure,Telltale Games,0.02,0.01,0,0,0.03
Dream C Club Zero,2011,Simulation,D3Publisher,0,0,0.03,0,0.03
Summer Athletics: The Ultimate Challenge,2008,Sports,DTP Entertainment,0.02,0.01,0,0,0.03
Crash Time: Autobahn Pusuit,2008,Racing,RTL,0.03,0,0,0,0.03
Majesty 2: The Fantasy Kingdom Sim,N/A,Simulation,Unknown,0.03,0,0,0,0.03
PopCap Arcade Vol 2,2009,Misc,PopCap Games,0.03,0,0,0,0.03
Battle vs. Chess,2011,Misc,TopWare Interactive,0,0.03,0,0,0.03
Chaos;Head - Love Chu*Chu!,2010,Adventure,5pb,0,0,0.03,0,0.03
Mushihimesama Futari Ver 1.5,2009,Shooter,Cave,0,0,0.03,0,0.03
Otomedius Gorgeous,2008,Shooter,Konami Digital Entertainment,0,0,0.03,0,0.03
Dennou Senki Virtual-On Force,2010,Fighting,Sega,0,0,0.03,0,0.03
Teenage Mutant Ninja Turtles: Mutants in Manhattan,2016,Action,Activision,0.01,0.02,0,0,0.03
Senko no Ronde DUO,2010,Fighting,G.Rev,0,0,0.03,0,0.03
Monster Hunter Frontier Online: Season 10,2011,Role-Playing,Capcom,0,0,0.03,0,0.03
Kung Fu Panda: Showdown of Legendary Legends,2015,Action,Little Orbit,0,0.03,0,0,0.03
NatGeo Challenge! Wild Life,2010,Misc,Black Bean Games,0,0.02,0,0,0.03
Rugby League Live 3,2015,Action,Tru Blu Entertainment,0,0.03,0,0,0.03
Triple Pack: Xbox Live Arcade Compilation,2011,Misc,Microsoft Game Studios,0.03,0,0,0,0.03
DeathSmiles II,2010,Shooter,Cave,0,0,0.03,0,0.03
PopCap Hits! Vol 2,2011,Misc,Mastertronic,0,0.03,0,0,0.03
Rugby League Live,2010,Sports,Home Entertainment Suppliers,0,0.02,0,0,0.03
Onechanbara Z Kagura,2012,Action,D3Publisher,0,0,0.03,0,0.03
Biohazard: Revival Selection,2011,Action,Capcom,0,0,0.03,0,0.03
Monster Hunter Frontier Online: Forward 1,2011,Role-Playing,Capcom,0,0,0.03,0,0.03
Cabela's Big Game Hunter: Pro Hunts,2014,Shooter,Activision,0.02,0,0,0,0.03
Clannad,2008,Adventure,Prototype,0,0,0.03,0,0.03
Alien Breed Trilogy,2011,Shooter,Mastertronic,0,0.02,0,0,0.03
Capcom Digital Collection,2012,Action,Capcom,0.02,0.01,0,0,0.03
Monster Hunter Frontier Online: Forward 2,2011,Role-Playing,Capcom,0,0,0.03,0,0.03
Back to the Future: The Game,2015,Adventure,Telltale Games,0.02,0.01,0,0,0.03
The Peanuts Movie: Snoopy's Grand Adventure,2015,Action,Activision,0,0.02,0,0,0.03
DoDonPachi Dai-Oujou: Black Label Extra,2009,Shooter,5pb,0,0,0.02,0,0.02
No More Heroes: Heroes' Paradise,2010,Action,Marvelous Interactive,0,0,0.02,0,0.02
Rapala for Kinect,2011,Sports,Activision,0,0.02,0,0,0.02
Rugby Challenge 3,2016,Sports,Alternative Software,0,0.02,0,0,0.02
11eyes: CrossOver,2009,Adventure,5pb,0,0,0.02,0,0.02
Serious Sam HD: Gold Edition,2011,Shooter,Mastertronic,0,0.02,0,0,0.02
Cross Channel: In Memory of All People,2011,Adventure,CyberFront,0,0,0.02,0,0.02
PDC World Championship Darts: Pro Tour,2010,Sports,O-Games,0,0.02,0,0,0.02
Steins;Gate: Senkei Kousoku no Phonogram,2013,Adventure,5pb,0,0,0.02,0,0.02
Castlevania: Lords of Shadow - Reverie,2011,Action,Konami Digital Entertainment,0.02,0,0,0,0.02
Ride,2015,Racing,Milestone S.r.l.,0,0.02,0,0,0.02
Enchanted Arms (JP sales),2006,Role-Playing,Ubisoft,0,0,0.02,0,0.02
Indianapolis 500 Evolution,2009,Racing,Zushi Games,0.02,0,0,0,0.02
Winter Sports 2011,2011,Sports,DTP Entertainment,0,0.02,0,0,0.02
PopCap Hits!,2011,Misc,PopCap Games,0,0.02,0,0,0.02
Ore no Yome: Anata Dake no Hanayome,2010,Adventure,Idea Factory,0,0,0.02,0,0.02
Robotics;Notes,2012,Adventure,5pb,0,0,0.02,0,0.02
The Testament of Sherlock Holmes,2012,Adventure,Focus Home Interactive,0,0.02,0,0,0.02
Meikyuu Cross Blood: Reloaded,2011,Action,Unknown,0,0,0.02,0,0.02
Worms,2007,Strategy,Microsoft Game Studios,0,0.02,0,0,0.02
Painkiller: Hell & Damnation,2013,Shooter,Nordic Games,0,0.01,0,0,0.02
Muchi Muchi Pork & Pink Sweets,2011,Shooter,Cave,0,0,0.02,0,0.02
Mushihimesama,2012,Action,Cave,0,0,0.02,0,0.02
uDraw Studio: Instant Artist,2011,Misc,THQ,0.01,0.01,0,0,0.02
Marvel Avengers: Battle for Earth,2012,Action,Ubisoft,0.02,0,0,0,0.02
Ketsui: Kizuna Jigoku Tachi Extra,2010,Shooter,5pb,0,0,0.02,0,0.02
Let's Dance with Mel B,2011,Sports,Black Bean Games,0,0.02,0,0,0.02
Memories Off: Yubikiri no Kioku,2010,Adventure,5pb,0,0,0.02,0,0.02
Football Manager 2007,N/A,Sports,Sega,0,0.01,0,0,0.02
Strike Witches: Shirogane no Tsubasa,2010,Strategy,CyberFront,0,0,0.02,0,0.02
Dunamis 15,2011,Adventure,5pb,0,0,0.02,0,0.02
NHL 16,2015,Sports,Electronic Arts,0,0.02,0,0,0.02
Call of Duty: Modern Warfare Trilogy,2016,Shooter,Activision,0.01,0.01,0,0,0.02
WRC 5: FIA World Rally Championship,2015,Sports,Bigben Interactive,0,0.02,0,0,0.02
Winter Sports 3: The Great Tournament,2010,Sports,Tradewest,0,0.01,0,0,0.02
W.L.O. Sekai Renai Kikousen,2010,Adventure,5pb,0,0,0.02,0,0.02
Final Fantasy XI: All-In-One Pack 2006,2006,Role-Playing,Square Enix,0,0,0.02,0,0.02
Earth Defense Force 2017 (old JP sales),2006,Shooter,D3Publisher,0,0,0.02,0,0.02
"Sharin no Kuni, Himawari no Shoujo",2010,Adventure,5pb,0,0,0.02,0,0.02
Don Bradman Cricket 14,2014,Sports,Tru Blu Entertainment,0,0.01,0,0,0.01
Tom Clancy's  Ghost Recon Advanced Warfighter (weekly JP sales),2006,Shooter,Ubisoft,0,0,0.01,0,0.01
Instant Brain,2011,Adventure,Cave,0,0,0.01,0,0.01
Banjo-Kazooie,2008,Platform,Microsoft Game Studios,0,0.01,0,0,0.01
Turbo: Super Stunt Squad,2013,Sports,D3Publisher,0,0.01,0,0,0.01
Super Robot Taisen XO,2006,Strategy,Banpresto,0,0,0.01,0,0.01
Superstars V8 Racing,2009,Racing,Black Bean Games,0,0.01,0,0,0.01
Ben 10 Omniverse 2,2013,Action,Namco Bandai Games,0,0.01,0,0,0.01
Konami Classics Vol. 2,2009,Misc,Konami Digital Entertainment,0.01,0,0,0,0.01
DoDonPachi Saidaioujou,2013,Shooter,Cave,0,0,0.01,0,0.01
Young Justice: Legacy,2013,Action,Namco Bandai Games,0,0.01,0,0,0.01
Entaku no Seito: Students of Round,2011,Role-Playing,ChunSoft,0,0,0.01,0,0.01
AKB1/48: Idol to Guam de Koishitara...,N/A,Misc,N/A,0,0,0.01,0,0.01
Adventure Time: The Secret of the Nameless,2014,Adventure,Little Orbit,0.01,0,0,0,0.01
Caladrius,2013,Shooter,Moss,0,0,0.01,0,0.01
Brothers in Arms: Furious 4,N/A,Shooter,N/A,0.01,0,0,0,0.01
No Fate! Only the Power of Will,2010,Adventure,Alchemist,0,0,0.01,0,0.01
Mamoru-kun wa Norowarete Shimatta!,2009,Shooter,G.Rev,0,0,0.01,0,0.01
Root Double: Before Crime After Days,2012,Action,Yeti,0,0,0.01,0,0.01
Cross Edge Dash,2009,Role-Playing,Compile Heart,0,0,0.01,0,0.01
John Daly's ProStroke Golf,2010,Sports,O-Games,0.01,0,0,0,0.01
WSC REAL 09: World Snooker Championship,2009,Sports,Deep Silver,0,0.01,0,0,0.01
World Snooker Championship 2007,2007,Sports,Sega,0,0.01,0,0,0.01
Handball 16,2015,Sports,Bigben Interactive,0,0.01,0,0,0.01
LMA Manager 2007,2006,Sports,Codemasters,0,0.01,0,0,0.01
Time Leap,2009,Adventure,Prototype,0,0,0.01,0,0.01
The Godfather (JP sales),2006,Action,Electronic Arts,0,0,0.01,0,0.01
Shin Sangoku Musou 4 Special,2005,Action,Tecmo Koei,0,0,0.01,0,0.01
Bullet Soul: Tama Tamashii,2011,Shooter,5pb,0,0,0.01,0,0.01
MotoGP 15,2015,Racing,Milestone S.r.l.,0,0.01,0,0,0.01
DoDonPachi Daifukkatsu: Black Label,2011,Shooter,Cave,0,0,0.01,0,0.01
Dragon Ball Z for Kinect,2012,Fighting,Namco Bandai Games,0.01,0,0,0,0.01
Metal Gear Solid HD Edition,2011,Action,Konami Digital Entertainment,0,0,0.01,0,0.01
Bound By Flame,2014,Role-Playing,N/A,0,0.01,0,0,0.01